id_pregunta,categoria,modelo,pregunta,respuesta,respuesta_referencia,fuentes,tiempo_segundos,num_docs_recuperados
1,libro_reclamaciones,mistral:7b-instruct,¿Cuál es la diferencia entre queja y reclamo en el Libro de Reclamaciones?," La diferencia entre una queja y un reclamo en el Libro de Reclamaciones es la siguiente:

- Un reclamo se refiere a una falta o disconformidad con un producto o servicio específico. Se presenta a través del Libro de Reclamaciones del proveedor (físico o virtual) y obliga a la empresa a dar una respuesta formal. Ejemplos de temas relacionados con reclamos son: un televisor que no enciende, una tarjeta de crédito que no funciona correctamente o una compra en línea que no se envió.
- Una queja, por otro lado, expresa un malestar o descontento respecto a la atención recibida por parte del proveedor, pero que no se relaciona directamente con el producto o servicio adquirido. Por ejemplo: si el personal de seguridad de un establecimiento comercial es descortés o los servicios higiénicos están sucios, se debe presentar una queja.

En resumen, mientras el reclamo es una comunicación directa con la empresa para solucionar problemas con productos o servicios, la queja es sobre la atención o comportamiento del proveedor.","La reclamación trata sobre problemas o deficiencias en el producto o servicio en sí, como un aparato que no funcione o una comida contaminada, mientras que una queja trata sobre el servicio al cliente y el trato al consumidor por parte del establecimiento o proveedor, como un mesero que exija propina.",Guía de procedimientos INDECOPI - Reclamos y Denuncias | Guía de reclamos y quejas en el servicio público de telecomunicaciones | Guía de reclamos y quejas en el servicio público de telecomunicaciones,43.33,3
2,telecomunicaciones,mistral:7b-instruct,¿A quién reclamo si tengo un problema con mi servicio de telefonía móvil?," Si tienes un problema con tu servicio de telefonía móvil, debes dirigirte al operador que provee dicho servicio. Puedes reclamar por falta de consentimiento, falta de cobertura, no retorno del número o falta de información sobre la portabilidad entre otros problemas. Si tu reclamo es a tu favor, el operador te devolverá tu línea al operador anterior o cancelará los cobros generados por la portabilidad en un plazo máximo de 1 mes contado desde el día siguiente en que recibes la resolución. Para realizar tu reclamo, puedes contactar al departamento de atención al cliente del operador o enviar una carta de reclamo detallando tus problemas y pidiendo solución.

Fuentes legales: Ley General de Comunicaciones (Law No. 28619, 2005) y Reglamento del Servicio de Portabilidad Nacional de las Telecomunicaciones Fijas e Móviles (Supreme Decree No. 013-2015-MTC, 2015).","El primer reclamo debe hacerse a la empresa prestadora del servicio, sea Claro, Movistar, Entel, etc. Ellos te deben brindar medios o canales para presentar tu reclamo. Si, luego de su respuesta, no sientes que han satisfecho tus derechos, puedes interponer una denuncia ante INDECOPI.",Guía de reclamos y quejas en el servicio público de telecomunicaciones | Guía de reclamos y quejas en el servicio público de telecomunicaciones | Guía de reclamos y quejas en el servicio público de telecomunicaciones,38.28,3
3,indecopi,mistral:7b-instruct,¿Qué diferencia una denuncia de una reclamación?," Una denuncia es un tipo de queja que se hace ante las autoridades competentes cuando se cree que se ha cometido algún delito o infracción penal. Por ejemplo, si hay una empresa que no cumple con su obligación legal y el ciudadano cree que se trata de un delito, podría denunciarlo a la autoridad competente.

Una reclamación es un procedimiento que se lleva a cabo ante una empresa o administración pública para exigir el cumplimiento de sus obligaciones legales. Por ejemplo, si un ciudadano compra un producto y no está satisfactorio, podría presentar una reclamación ante la empresa vendedora para que se le devuelva su dinero o se le reemplace el producto.

En resumen, una denuncia es utilizada para informar sobre delitos o infracciones, mientras que una reclamación es utilizada para exigir el cumplimiento de las obligaciones legales en relación con un producto o servicio comprado.",Un reclamo o queja es una muestra de disconformidad que brinda el consumidor contra la empresa o proveedor a través del Libro de Reclamaciones. Una denuncia es una solicitud dirigida a INDECOPI para que sancionen con una multa al proveedor o empresa por vulnerar tus derechos como consumidor. Primero debe realizarse el reclamo antes de acudir a la denuncia.,Resolución del Consejo Directivo N° 099-2022-CD-OSIPTEL | Resolución del Consejo Directivo N° 099-2022-CD-OSIPTEL | Resolución del Consejo Directivo N° 099-2022-CD-OSIPTEL,32.37,3
4,inmobiliario,mistral:7b-instruct,¿Qué debe figurar en el contrato de compraventa de un departamento que me brinda la inmobiliaria?," Cuando compras un departamento de una inmobiliaria que sea considerada proveedora inmobiliaria, según el Código de Protección y Defensa del Consumidor (Código), el contrato de compraventa debe contener al menos lo siguiente:

1. Identidad completa del vendedor y comprador.
2. Descripción detallada del inmueble, incluyendo su ubicación exacta y dimensiones.
3. Precio total y forma de pago.
4. Fecha de entrega del inmueble y posibilidad de prórroga en caso de demoras.
5. Garantía por defectos ocultos o latentes.
6. Descripción detallada de las condiciones para la obtención de la posesión del inmueble, incluyendo el pago de impuestos y gastos de traslado.
7. Condiciones sobre la garantía de calidad del inmueble.
8. Cláusulas de rescisión (cancelación del contrato), por parte del comprador y el vendedor, incluyendo las condiciones para su ejercicio.
9. La responsabilidad civil de ambas partes en caso de daños causados a la otra durante la vigencia del contrato.
10. Condiciones sobre la entrega del certificado de habilitación y otros documentos legales necesarios para el traspaso legal del inmueble.

Si el contrato no contiene estos elementos, es posible que el consumidor tenga derecho a rescindir el contrato o reclamar la protección del Código de Protección y Defensa del Consumidor (Código).

Fuente: Artículos 153 al 164 del Código de Protección y Defensa del Consumidor.","Deben brindarse todos los datos y condiciones de la venta del departamento. Algunas cosas indispensables son el área del inmueble, el precio exacto, la forma y plazos de pago, las penalidades que hubieran y la forma de resolver controversias. Estos datos deben coincidir con las ofertas y ofrecimientos dados en la publicidad o las negociaciones previas.",Guía sobre productos y servicios inmobiliarios | Guía sobre productos y servicios inmobiliarios | Guía sobre productos y servicios inmobiliarios,55.96,3
5,servicios_financieros,mistral:7b-instruct,"¿Tengo derecho a pagar por adelantado mis préstamos con el banco, para evitar intereses?"," Sí, tienes derecho a pagar anticipadamente tus préstamos con el banco. Pero es importante saber que según la Ley 29033 y el Reglamento del Nuevo Crédito Mi Vivienda, si te reconocen como un buen pagador recibirás un bono por buen pagador. Si no cumples con los requisitos exigidos para este bono, podrías perderlo. Para más información sobre el bono de bien pagador y cómo podés pagar anticipadamente tus préstamos, consulta al banco o a la Superintendencia de Banca, Seguros y AFP (SBS).

Fuente: Ley N.° 29033, Ley de Creación del Bono de Buen Pagador y el Reglamento del Nuevo Crédito Mi Vivienda.","Sí. El consumidor tiene derecho a pagar por adelantado los créditos o deudas que haya contraído con la institución financiera, libremente. El banco no puede negarse a recibir el pago.",Lineamientos sobre Protección al Consumidor - Actualizado 2022 | Lineamientos sobre Protección al Consumidor - Actualizado 2022 | Lineamientos sobre Protección al Consumidor - Actualizado 2022,26.43,3
6,indecopi,mistral:7b-instruct,¿Puedo pedir indemnización o reparación por los daños sufridos mediante el Libro de Reclamaciones o INDECOPI?," Sí, puedes solicitar indemnización o reparación por los daños sufridos a través del Libro de Reclamaciones o INDECOPI. Para hacerlo, seguirías estos pasos:

1. Llenar el libro de reclamaciones que encontrarás en las oficinas del distrito o provincia donde sufrieron los daños. Debes indicar la empresa responsable y detallar los hechos alegando que tú han causado tu perjuicio.
2. En caso de que no resuelvan tu reclamo, puedes presentar una denuncia en INDECOPI. Para ello, debes llenar un formulario que encontrarás en su página web o directamente en la oficina. Deberás indicar los mismos datos y detalles de tu reclamo previo.
3. Después de presentar la denuncia, INDECOPI investigará el caso y emitirá una resolución que puede obligar a la empresa responsable a repararte o indemnizarte.

Fuentes:
- Ley N° 28396 - Ley del Libro de Reclamaciones
- Reglamento de la Ley del Libro de Reclamaciones (RD 014-2007-MP)
- INDECOPI - Instituto Nacional de Defensa de la Competencia y Protección de la Propiedad Intelectual","No. La reclamación y la denuncia por derechos de consumidor no permiten exigirle a la empresa o proveedor una indemnización por daños y perjuicios. La indemnización por los daños sufridos debe interponerse como un juicio ordinario, ante el Poder Judicial.",Cartilla informativa sobre SOAT | Cartilla informativa sobre SOAT | Cartilla informativa sobre SOAT,42.29,3
7,productos_defectuosos,mistral:7b-instruct,¿Pueden negarse a cambiarme una prenda de ropa porque la que compré tiene roturas o mala calidad?," Sí, puedes denunciar por una prenda de ropa con roturas o mala calidad. Según el derecho peruano, si compraste una prenda que no cumple con las expectativas básicas de calidad, puedes exigir que la tienda te cambie la prenda o que te reembolsen el dinero.

En práctica, para hacerlo debes tener en cuenta los siguientes pasos:
1. Conserve la evidencia: guarda la prenda con las roturas y toma fotografías detalladas de ellas.
2. Contacte a la tienda: comunícate con la tienda por teléfono o correo electrónico y explícales el problema que tienes con la prenda.
3. Solicite una cambio o reembolso: pídales que te cambien la prenda, o en su caso te reembolsen el dinero sin demoras.
4. Si no obtienes respuesta satisfactoria, puede hacer una denuncia a Consumidor Peruano (Organismo de Defensa del Consumidor y Defensoría del Cliente) para que se abra un caso contra la tienda.
5. Si es necesario, puede demandar legalmente a la tienda para recuperar el dinero o cambio.
6. La Ley N° 28710 del Consumidor y Servicios de la República del Perú (2012) es la norma legal que regula estos derechos.","No. Si el producto no cumple con la calidad, materiales o cualificaciones que se ofrecieron, entonces están obligados a restituirte un nuevo producto.",Lineamientos sobre Protección al Consumidor - Actualizado 2022 | Lineamientos sobre Protección al Consumidor - Actualizado 2022 | Lineamientos sobre Protección al Consumidor - Actualizado 2022,46.1,3
8,servicios_financieros,mistral:7b-instruct,¿El banco puede cobrar comisiones o conceptos a mi tarjeta de crédito sin avisarme?," El banco no tiene permiso para cobrar comisiones u otros conceptos a tu tarjeta de crédito sin que antes te avisen. Esto es parte de las reglas legales peruanas sobre tarjetas de crédito, como la Séptima del Reglamento de Tarjetas de Crédito y Débito. En caso de que esto suceda y no hayas recibido una notificación previamente, puedes comunicarte con el banco para reclamar tu derecho.

Fuentes legales:
- Reglamento de Tarjetas de Crédito y Débito, 2019. (Resolución Directoral N° 053/INF-SBS-2017 del Superintendente de Bancos del Perú).",No. Está prohibido aumentar o cambiar las comisiones y otros gastos que pague el consumidor sin que primero se le informe adecuadamente.,Resolución SBS N° 3274-2017 | Resolución SBS N° 3274-2017 | Resolución SBS N° 3274-2017,6.86,3
9,libro_reclamaciones,mistral:7b-instruct,¿Una empresa o negocio digital tiene que tener un libro de reclamaciones?," Sí, una empresa o negocio digital tiene que tener un libro de reclamaciones. El libro de reclamaciones es donde se registra cualquier queja o problema que tenga el cliente con la empresa. Puedes verlo en forma física o virtual en su sitio web o local. Esto permite que puedas hacer un seguimiento de tu reclamo y solucionar problemas con más facilidad.

Fuente: Ley General de Protección al Consumidor (Decreto Legislativo N° 1025/2016)","Sí. Todos los negocios, sean con tienda física o virtual, deben contar con un libro de reclamaciones. En caso de un negocio digital, el libro de reclamaciones es virtual, y tiene las mismas características que un libro de reclamaciones físico.",Código de Protección y Defensa del Consumidor | Código de Protección y Defensa del Consumidor | Código de Protección y Defensa del Consumidor,3.43,3
10,precios,mistral:7b-instruct,¿Pueden subir o cobrarme más del precio que muestran en la tienda o página web?," No, un proveedor no puede cobrarte más del precio que se indica en su local comercial o en su página web. En caso de diferenciación del precio según el medio de pago, la información debe estar destacada y visible para ti. Si el comercio incumple con esto y te cobra más dinero, no debes pagar las sumas adicionales.
Si hay ofertas, promociones, rebajas o descuentos, puedes utilizar cualquier medio de pago que desees, a menos que el comercio te informe previa y destacadamente sobre las condiciones y restricciones.

Fuente: Ley General del Consumidor N° 29456","No. Cualquier aumento o sobreprecio al precio que se exhibe en la página web o en la tienda física está prohibido. La empresa debe mostrar exactamente el precio final a cobrar, o avisar claramente si existe algún recargo o pago adicional.",Código de Protección y Defensa del Consumidor | Código de Protección y Defensa del Consumidor | Código de Protección y Defensa del Consumidor,4.43,3
1,libro_reclamaciones,llama3.1:8b,¿Cuál es la diferencia entre queja y reclamo en el Libro de Reclamaciones?,"**La diferencia entre una queja y un reclamo en el Libro de Reclamaciones**

Una queja expresa un malestar o descontento respecto a la atención recibida por parte del proveedor, pero que no se relaciona directamente con el producto o servicio adquirido. Por ejemplo, si el personal de seguridad de un establecimiento comercial es descortés o los servicios higiénicos están sucios.

Por otro lado, un reclamo sí está vinculado directamente a una falla o disconformidad con el producto o servicio. Se presenta a través del Libro de Reclamaciones del proveedor, ya sea físico o virtual, y obliga a la empresa a dar una respuesta formal. Por ejemplo, si compraste un televisor que no enciende, interpones un reclamo.

**Paso a paso para presentar un reclamo:**

1.  Identifica qué falla o disconformidad hay con el producto o servicio adquirido.
2.  Comunícate directamente con la empresa para intentar resolver el problema de manera amistosa.
3.  Si la empresa no resuelve el problema, puedes presentar un reclamo en el Libro de Reclamaciones del proveedor. Deberás brindar detalles sobre el producto o servicio adquirido, la falla o disconformidad observada y cualquier otra información relevante.
4.  La empresa tiene obligación legal de responder formalmente a tu reclamo dentro de un plazo determinado.

**Recuerda que si no te satisface la respuesta del proveedor o crees que ha habido una infracción al Código de Protección y Defensa del Consumidor, puedes solicitar la intervención de INDECOPI.**

**Fuente legal utilizada:**
Código de Protección y Defensa del Consumidor (Decreto Supremo N° 004-93 - Decreto Ley N° 25594).","La reclamación trata sobre problemas o deficiencias en el producto o servicio en sí, como un aparato que no funcione o una comida contaminada, mientras que una queja trata sobre el servicio al cliente y el trato al consumidor por parte del establecimiento o proveedor, como un mesero que exija propina.",Guía de procedimientos INDECOPI - Reclamos y Denuncias | Guía de reclamos y quejas en el servicio público de telecomunicaciones | Guía de reclamos y quejas en el servicio público de telecomunicaciones,6.87,3
2,telecomunicaciones,llama3.1:8b,¿A quién reclamo si tengo un problema con mi servicio de telefonía móvil?,"Si tienes un problema con tu servicio de telefonía móvil, el primer paso es intentar resolverlo directamente con tu operador. Si no logras una solución satisfactoria, puedes dirigirte a la Superintendencia Nacional de Telecomunicaciones (SNT) para que te asesore sobre cómo proceder.

La SNT es la institución encargada de supervisar y regular las actividades de los operadores de telecomunicaciones en el Perú. Pueden ayudarte a determinar si tu caso está relacionado con una infracción y orientarte sobre cómo presentar un reclamo formal.

Una vez que presentes tu reclamo, es probable que necesites proporcionar información detallada sobre lo sucedido, incluyendo fechas, descripciones de los eventos y cualquier comunicación relevante que hayas tenido con el operador. Es importante mantener una actitud objetiva y documentar todo para poder apoyar tu caso.

Es posible que la SNT te aconseje sobre cómo proceder en base a la información proporcionada y puede incluso abrir un expediente para investigar tu reclamo si es necesario.

Recuerda siempre tener una copia de tus documentos y comunicaciones relevantes, esto ayudará a facilitar el proceso y a demostrar tu caso si es necesario.

Fuentes legales utilizadas:

*   Ley N° 30288: Ley General de Telecomunicaciones.
*   Decreto Supremo N° 004-2013-SA: Reglamento de la Ley General de Telecomunicaciones.","El primer reclamo debe hacerse a la empresa prestadora del servicio, sea Claro, Movistar, Entel, etc. Ellos te deben brindar medios o canales para presentar tu reclamo. Si, luego de su respuesta, no sientes que han satisfecho tus derechos, puedes interponer una denuncia ante INDECOPI.",Guía de reclamos y quejas en el servicio público de telecomunicaciones | Guía de reclamos y quejas en el servicio público de telecomunicaciones | Guía de reclamos y quejas en el servicio público de telecomunicaciones,3.54,3
3,indecopi,llama3.1:8b,¿Qué diferencia una denuncia de una reclamación?,"No hay información sobre qué diferencia una denuncia de una reclamación en el contexto proporcionado. Si necesitas ayuda con algo más, házmelo saber.

(Fuente: No se utilizó ninguna fuente específica para esta respuesta ya que no hubo información relevante a la pregunta).",Un reclamo o queja es una muestra de disconformidad que brinda el consumidor contra la empresa o proveedor a través del Libro de Reclamaciones. Una denuncia es una solicitud dirigida a INDECOPI para que sancionen con una multa al proveedor o empresa por vulnerar tus derechos como consumidor. Primero debe realizarse el reclamo antes de acudir a la denuncia.,Resolución del Consejo Directivo N° 099-2022-CD-OSIPTEL | Resolución del Consejo Directivo N° 099-2022-CD-OSIPTEL | Resolución del Consejo Directivo N° 099-2022-CD-OSIPTEL,12.98,3
4,inmobiliario,llama3.1:8b,¿Qué debe figurar en el contrato de compraventa de un departamento que me brinda la inmobiliaria?,"Si estás adquiriendo un departamento de una inmobiliaria considerada como proveedor inmobiliario, es importante verificar qué debes incluir en el contrato. 

1. **Descripción detallada del bien**: El contrato debe contener la descripción completa y precisa del departamento: número de habitaciones, tamaño, ubicación exacta, entre otros detalles importantes.
2. **Precio o valor de venta**: Es fundamental que el precio o valor de venta esté claramente especificado en el contrato.
3. **Formas de pago**: El contrato debe indicar las condiciones y plazos para realizar los pagos del departamento.
4. **Plazo de entrega**: Asegúrate de incluir la fecha límite para que la inmobiliaria entregue el departamento o su título de propiedad.

Es importante revisar estos puntos antes de firmar el contrato, ya que si hay cambios posteriores sin tu acuerdo explícito, podrías enfrentar problemas legales.

Para cualquier duda o conflicto con un proveedor inmobiliario, es importante acudir a la Autoridad Nacional del Consumidor (ANC), quien te ayudará a resolver el caso de manera justa y efectiva.

**Fuentes Legales utilizadas:**

- Código Civil
- Código de Protección y Defensa del Consumidor","Deben brindarse todos los datos y condiciones de la venta del departamento. Algunas cosas indispensables son el área del inmueble, el precio exacto, la forma y plazos de pago, las penalidades que hubieran y la forma de resolver controversias. Estos datos deben coincidir con las ofertas y ofrecimientos dados en la publicidad o las negociaciones previas.",Guía sobre productos y servicios inmobiliarios | Guía sobre productos y servicios inmobiliarios | Guía sobre productos y servicios inmobiliarios,14.57,3
5,servicios_financieros,llama3.1:8b,"¿Tengo derecho a pagar por adelantado mis préstamos con el banco, para evitar intereses?","Sí, tienes derecho a pagar tus préstamos con el banco de manera anticipada. Para hacerlo, sigue estos pasos:

1. Verifica si puedes realizar pagos anticipados leyendo las condiciones del contrato de crédito Mi Vivienda.
2. Si no hay restricciones, pide al banco cómo y cuándo debes realizar el pago adelantado para evitar pérdida del bono de buen pagador.
3. Realiza el pago anticipado según lo acordado con la entidad financiera.

Recuerda que si incumplís los requisitos exigidos para mantener el bono, podrías perderlo.","Sí. El consumidor tiene derecho a pagar por adelantado los créditos o deudas que haya contraído con la institución financiera, libremente. El banco no puede negarse a recibir el pago.",Lineamientos sobre Protección al Consumidor - Actualizado 2022 | Lineamientos sobre Protección al Consumidor - Actualizado 2022 | Lineamientos sobre Protección al Consumidor - Actualizado 2022,12.76,3
6,indecopi,llama3.1:8b,¿Puedo pedir indemnización o reparación por los daños sufridos mediante el Libro de Reclamaciones o INDECOPI?,"Para solicitar el reembolso de gastos médicos y sepelio, necesitas presentar estos documentos:

*   Una copia del DNI tanto de la víctima como del solicitante.
*   Documento que acredite tu representación o parentesco con la víctima (por ejemplo, certificado de matrimonio, acta de nacimiento o defunción).
*   Copia del atestado policial.
*   Informe médico o partida de defunción, según corresponda al caso.

También debes presentar originales de comprobantes de pago de los gastos médicos. Estos documentos te ayudarán a demostrar que has tenido gastos por la atención médica y sepelio de la persona fallecida. 

Puedes solicitar indemnización o reparación por los daños sufridos a través del Libro de Reclamaciones o INDECOPI.

Para solicitar ayuda, puedes dirigirte al Servicio de Atención al Consumidor en línea (SAC) de INDECOPI o visitar uno de sus centros de atención.","No. La reclamación y la denuncia por derechos de consumidor no permiten exigirle a la empresa o proveedor una indemnización por daños y perjuicios. La indemnización por los daños sufridos debe interponerse como un juicio ordinario, ante el Poder Judicial.",Cartilla informativa sobre SOAT | Cartilla informativa sobre SOAT | Cartilla informativa sobre SOAT,16.98,3
7,productos_defectuosos,llama3.1:8b,¿Pueden negarse a cambiarme una prenda de ropa porque la que compré tiene roturas o mala calidad?,"¡Claro! Si tuviste un problema con un producto (en este caso, una prenda de ropa), tienes derecho a hacer una reclamación ante el vendedor. Lo primero que debes hacer es comunicarte con la tienda o empresa donde compraste la prenda y explicarles los problemas que encontraste.

Si ellos no te dan solución, puedes ir al Centro Nacional de Competencia y Defensa de la Competencia (CNM), y también puedes denunciar a la Dirección General de Protección al Consumidor (DIGEPUCO). Ten en cuenta que antes de acudir a estos lugares es recomendable intentar llegar a un acuerdo con el vendedor, ya que ellos pueden ofrecerte una solución o reemplazo.

No te preocupes si el producto tenía defectos visibles cuando lo compraste, puedes denunciarlo igualmente. Lo importante es que hayas comprado algo y te haya causado problemas.

Recuerda llevar los documentos de compra y cualquier evidencia relacionada con tus reclamaciones.

**Fuente:** Ley General del Consumidor (Ley N° 30634).","No. Si el producto no cumple con la calidad, materiales o cualificaciones que se ofrecieron, entonces están obligados a restituirte un nuevo producto.",Lineamientos sobre Protección al Consumidor - Actualizado 2022 | Lineamientos sobre Protección al Consumidor - Actualizado 2022 | Lineamientos sobre Protección al Consumidor - Actualizado 2022,12.83,3
8,servicios_financieros,llama3.1:8b,¿El banco puede cobrar comisiones o conceptos a mi tarjeta de crédito sin avisarme?,"No, si tienes una tarjeta de crédito con la opción de no tener comisión de membresía, el banco no puede cobrar comisiones ni conceptos adicionales a menos que te lo informen previamente. Para protegerte, puedes hacer lo siguiente:

1. Verifica si tienes esta opción en tu contrato o comunicación con el banco.
2. Si no estás seguro, contacta al banco para preguntar sobre la existencia de una tarjeta de crédito sin comisión de membresía y confirmar sus condiciones.
3. Lee y comprende las condiciones generales y específicas de tu tarjeta antes de realizar cualquier transacción que pueda generar cobros adicionales.

Ten en cuenta que es responsabilidad del banco informarte sobre los cambios o cobros adicionales, así como conservar la documentación del cumplimiento de esta obligación.

**Fuentes legales utilizadas:**

* Reglamento de Tarjetas de Crédito y Débito (no mencionado explícitamente en el contexto dado pero relacionado con las condiciones generales de las tarjetas)",No. Está prohibido aumentar o cambiar las comisiones y otros gastos que pague el consumidor sin que primero se le informe adecuadamente.,Resolución SBS N° 3274-2017 | Resolución SBS N° 3274-2017 | Resolución SBS N° 3274-2017,15.29,3
9,libro_reclamaciones,llama3.1:8b,¿Una empresa o negocio digital tiene que tener un libro de reclamaciones?,"Sí, una empresa o negocio digital debe contar con un libro de reclamaciones. Esto se aplica a todas las plataformas digitales de comercio electrónico.

Si tienes un problema con la plataforma digital donde compraste algo, puedes solicitar la información del libro de reclamaciones para presentar tu reclamo. La empresa debe proporcionarte esta información en un plazo razonable (por ejemplo, dentro de 7 días hábiles).

Puedes acceder al libro de reclamaciones en forma física o virtual. Si es físico, pídele a la empresa que te lo muestre. Si es virtual, pide el link para acceso.

No olvides revisar si tu reclamo está incluido en el libro de reclamaciones una vez que lo hayas presentado.

**Fuente legal:** Ley del Consumidor y Usuarios (Decreto Legislativo N° 1056) - Artículo 150.","Sí. Todos los negocios, sean con tienda física o virtual, deben contar con un libro de reclamaciones. En caso de un negocio digital, el libro de reclamaciones es virtual, y tiene las mismas características que un libro de reclamaciones físico.",Código de Protección y Defensa del Consumidor | Código de Protección y Defensa del Consumidor | Código de Protección y Defensa del Consumidor,12.52,3
10,precios,llama3.1:8b,¿Pueden subir o cobrarme más del precio que muestran en la tienda o página web?,"No. Si un comercio establece un precio para un producto o servicio, no pueden cobrarle más por ese mismo producto o servicio. Asegúrate de que el precio esté claro y visible tanto en la tienda como en su página web.

Paso a paso:

1. Verifica el precio del producto o servicio antes de realizar la compra.
2. Si encuentras un producto con diferentes precios según el medio de pago, asegúrate de que este detalle esté claramente indicado en el local o página web.
3. Si no hay una advertencia sobre condiciones específicas para ciertos medios de pago, puedes utilizar el método de pago que desees sin temor a ser cobrado más.

Si te encuentras en una situación en la que les exigen pagar más del precio establecido, pide que se respete el precio fijado. Si no es atendido, puedes denunciar al comercio por violar tu derecho.

Fuente legal: Decreto Legislativo N° 1047 (Ley del Consumidor). Artículo 7.","No. Cualquier aumento o sobreprecio al precio que se exhibe en la página web o en la tienda física está prohibido. La empresa debe mostrar exactamente el precio final a cobrar, o avisar claramente si existe algún recargo o pago adicional.",Código de Protección y Defensa del Consumidor | Código de Protección y Defensa del Consumidor | Código de Protección y Defensa del Consumidor,16.01,3
1,libro_reclamaciones,gemma2:9b,¿Cuál es la diferencia entre queja y reclamo en el Libro de Reclamaciones?,"La **queja** se usa cuando no estás conforme con la atención recibida por parte del proveedor, pero no tiene relación directa con el producto o servicio comprado. Por ejemplo, si te trataron mal en una tienda. 

El **reclamo**, en cambio, es para expresar que hay un problema con el producto o servicio que compraste. Si tu televisor nuevo no funciona, presentas un reclamo usando el Libro de Reclamaciones.  


","La reclamación trata sobre problemas o deficiencias en el producto o servicio en sí, como un aparato que no funcione o una comida contaminada, mientras que una queja trata sobre el servicio al cliente y el trato al consumidor por parte del establecimiento o proveedor, como un mesero que exija propina.",Guía de procedimientos INDECOPI - Reclamos y Denuncias | Guía de reclamos y quejas en el servicio público de telecomunicaciones | Guía de reclamos y quejas en el servicio público de telecomunicaciones,7.34,3
2,telecomunicaciones,gemma2:9b,¿A quién reclamo si tengo un problema con mi servicio de telefonía móvil?,"Para reclamar por problemas con tu servicio de telefonía móvil puedes ir al Indecopi (Instituto Nacional para la Protección y Defensa del Consumidor).  



Fuentes legales utilizadas: 
* Contexto legal proporcionado.","El primer reclamo debe hacerse a la empresa prestadora del servicio, sea Claro, Movistar, Entel, etc. Ellos te deben brindar medios o canales para presentar tu reclamo. Si, luego de su respuesta, no sientes que han satisfecho tus derechos, puedes interponer una denuncia ante INDECOPI.",Guía de reclamos y quejas en el servicio público de telecomunicaciones | Guía de reclamos y quejas en el servicio público de telecomunicaciones | Guía de reclamos y quejas en el servicio público de telecomunicaciones,13.02,3
3,indecopi,gemma2:9b,¿Qué diferencia una denuncia de una reclamación?,"Lo siento, pero el texto que me proporcionaste habla sobre las causas por las que un reclamo, recurso o queja puede ser improcedente, no define qué es una denuncia.


  
",Un reclamo o queja es una muestra de disconformidad que brinda el consumidor contra la empresa o proveedor a través del Libro de Reclamaciones. Una denuncia es una solicitud dirigida a INDECOPI para que sancionen con una multa al proveedor o empresa por vulnerar tus derechos como consumidor. Primero debe realizarse el reclamo antes de acudir a la denuncia.,Resolución del Consejo Directivo N° 099-2022-CD-OSIPTEL | Resolución del Consejo Directivo N° 099-2022-CD-OSIPTEL | Resolución del Consejo Directivo N° 099-2022-CD-OSIPTEL,1.05,3
4,inmobiliario,gemma2:9b,¿Qué debe figurar en el contrato de compraventa de un departamento que me brinda la inmobiliaria?,"En el contrato de compraventa de un departamento con una inmobiliaria, **debería** incluir lo siguiente: 

1. **Identificación del comprador y del vendedor:**  Nombres completos, DNI y dirección de ambos. También debe aparecer la razón social si es una empresa.
2. **Descripción precisa del inmueble:** Número, ubicación exacta, características (metros cuadrados, número de habitaciones, etc.)
3. **Precio total a pagar**: Debe estar claramente indicado el monto total que pagarás por el departamento, incluyendo gastos o comisiones adicionales.  
4. **Forma de pago**: Detallar cómo se realizará el pago (contado, financiado, etc.) y plazos. 
5. **Gastos e impuestos:** Especificar quién asume los gastos de notarías, registro, transferencia de dominio, etc.
6. **Fecha de entrega del inmueble:**  Indicar cuándo te entregan las llaves del departamento.

**Recuerda**: Lee el contrato con atención antes de firmarlo y asegúrate de entender todos los puntos. No dudes en pedir aclaraciones a la inmobiliaria si hay algo que no comprendas. 



 Fuentes legales: Código Civil, Código de Protección y Defensa del Consumidor.","Deben brindarse todos los datos y condiciones de la venta del departamento. Algunas cosas indispensables son el área del inmueble, el precio exacto, la forma y plazos de pago, las penalidades que hubieran y la forma de resolver controversias. Estos datos deben coincidir con las ofertas y ofrecimientos dados en la publicidad o las negociaciones previas.",Guía sobre productos y servicios inmobiliarios | Guía sobre productos y servicios inmobiliarios | Guía sobre productos y servicios inmobiliarios,3.25,3
5,servicios_financieros,gemma2:9b,"¿Tengo derecho a pagar por adelantado mis préstamos con el banco, para evitar intereses?","Sí, tienes derecho a pagar tu préstamo por adelantado. Esto se llama ""pago anticipado"".  


* Ve a la entidad financiera donde tengas tu crédito. 
* Informa que quieres hacer un pago anticipado. 
* Ellos te indicarán cuánto puedes pagar y cómo hacerlo.

Recuerda que si pagas anticipadamente, podrías perder el bono de buen pagador del crédito Mi Vivienda si no cumples con los requisitos.


**Fuentes legales:** Ley N.° 29033, Reglamento del Nuevo Crédito Mi Vivienda. 
","Sí. El consumidor tiene derecho a pagar por adelantado los créditos o deudas que haya contraído con la institución financiera, libremente. El banco no puede negarse a recibir el pago.",Lineamientos sobre Protección al Consumidor - Actualizado 2022 | Lineamientos sobre Protección al Consumidor - Actualizado 2022 | Lineamientos sobre Protección al Consumidor - Actualizado 2022,1.73,3
6,indecopi,gemma2:9b,¿Puedo pedir indemnización o reparación por los daños sufridos mediante el Libro de Reclamaciones o INDECOPI?,"Si quieres pedir una indemnización o reparación por daños, el Libro de Reclamaciones no es la mejor opción. Lo ideal es que contactes directamente con INDECOPI. 


INDECOPI te puede ayudar a resolver tu problema sin necesidad de ir a tribunales.  

Puedes presentar tu caso en línea a través de su página web o visitando una oficina de INDECOPI.  
","No. La reclamación y la denuncia por derechos de consumidor no permiten exigirle a la empresa o proveedor una indemnización por daños y perjuicios. La indemnización por los daños sufridos debe interponerse como un juicio ordinario, ante el Poder Judicial.",Cartilla informativa sobre SOAT | Cartilla informativa sobre SOAT | Cartilla informativa sobre SOAT,1.52,3
7,productos_defectuosos,gemma2:9b,¿Pueden negarse a cambiarme una prenda de ropa porque la que compré tiene roturas o mala calidad?,"No te pueden negar un cambio si tu prenda tiene roturas o mala calidad.  Tienes derecho a pedir el cambio por uno nuevo o el reembolso del dinero. 


Puedes hacer lo siguiente:

1. **Preséntate al vendedor** con la prenda defectuosa y tu comprobante de compra. 
2. **Explica claramente el problema**: que tiene roturas o mala calidad.
3. **Solicita amablemente el cambio por una prenda igual en buen estado o un reembolso**. Si no te lo dan, pide hablar con el gerente.

Recuerda: tienes derecho a recibir una atención adecuada y justa como consumidor.


","No. Si el producto no cumple con la calidad, materiales o cualificaciones que se ofrecieron, entonces están obligados a restituirte un nuevo producto.",Lineamientos sobre Protección al Consumidor - Actualizado 2022 | Lineamientos sobre Protección al Consumidor - Actualizado 2022 | Lineamientos sobre Protección al Consumidor - Actualizado 2022,2.09,3
8,servicios_financieros,gemma2:9b,¿El banco puede cobrar comisiones o conceptos a mi tarjeta de crédito sin avisarme?,"No, el banco no puede cobrarte comisiones ocultas o concepto extras por tu tarjeta de crédito sin avisarte antes.  

Antes de que contrates la tarjeta, la empresa debe informarte sobre todas las comisiones que podrías pagar, incluyendo si hay una comisión por membresía. 


Fuentes legales: Séptima.- Oferta de tarjetas de crédito sin comisión de membresía.",No. Está prohibido aumentar o cambiar las comisiones y otros gastos que pague el consumidor sin que primero se le informe adecuadamente.,Resolución SBS N° 3274-2017 | Resolución SBS N° 3274-2017 | Resolución SBS N° 3274-2017,1.48,3
9,libro_reclamaciones,gemma2:9b,¿Una empresa o negocio digital tiene que tener un libro de reclamaciones?,"Si, cualquier empresa o negocio digital tiene que tener un ""libro de reclamaciones"", ya sea físico o virtual.  

**Fuentes legales:** Artículo 150 del Decreto Legislativo Nº 1027 (Ley de Protección al Consumidor) . 


","Sí. Todos los negocios, sean con tienda física o virtual, deben contar con un libro de reclamaciones. En caso de un negocio digital, el libro de reclamaciones es virtual, y tiene las mismas características que un libro de reclamaciones físico.",Código de Protección y Defensa del Consumidor | Código de Protección y Defensa del Consumidor | Código de Protección y Defensa del Consumidor,1.1,3
10,precios,gemma2:9b,¿Pueden subir o cobrarme más del precio que muestran en la tienda o página web?,"No, no pueden cobrarte más del precio que te mostraron. 

Si el precio que te dicen al momento de pagar es diferente al que estaba publicado, puedes decirle al vendedor que quieres pagar el precio original que se marcó.  


Fuentes legales utilizadas: Artículo 7.1 del Decreto Legislativo N° 946 - Ley de Protección y Defensa al Consumidor.
","No. Cualquier aumento o sobreprecio al precio que se exhibe en la página web o en la tienda física está prohibido. La empresa debe mostrar exactamente el precio final a cobrar, o avisar claramente si existe algún recargo o pago adicional.",Código de Protección y Defensa del Consumidor | Código de Protección y Defensa del Consumidor | Código de Protección y Defensa del Consumidor,1.43,3
1,libro_reclamaciones,mistral-nemo:12b,¿Cuál es la diferencia entre queja y reclamo en el Libro de Reclamaciones?,"La diferencia principal entre una queja y un reclamo está en el objeto de la reclamación. La queja se refiere a un malestar o descontento con la atención recibida del proveedor, pero no necesariamente está relacionada con el producto o servicio adquirido (por ejemplo, si el personal de seguridad es descortés). En cambio, el reclamo sí está relacionado directamente con una falla o disconformidad en el producto o servicio comprado (por ejemplo, un televisor que no funciona), y se presenta a través del Libro de Reclamaciones del proveedor.","La reclamación trata sobre problemas o deficiencias en el producto o servicio en sí, como un aparato que no funcione o una comida contaminada, mientras que una queja trata sobre el servicio al cliente y el trato al consumidor por parte del establecimiento o proveedor, como un mesero que exija propina.",Guía de procedimientos INDECOPI - Reclamos y Denuncias | Guía de reclamos y quejas en el servicio público de telecomunicaciones | Guía de reclamos y quejas en el servicio público de telecomunicaciones,6.19,3
2,telecomunicaciones,mistral-nemo:12b,¿A quién reclamo si tengo un problema con mi servicio de telefonía móvil?,"Si tienes un problema con tu servicio de telefonía móvil, puedes hacer lo siguiente:

1. Comunícate con la empresa proveedora de tu servicio (operador) para intentar solucionar el problema directamente con ellos.
2. Si no logras solucionar el problema con el operador o consideras que han incumplido tus derechos como consumidor, puedes presentar un reclamo ante la Comisión Nacional para la Protección y Defensa de los Usuarios de Servicios Financieros (CONADECUS), que es el organismo encargado de proteger los derechos de los usuarios en temas financieros, incluyendo servicios de telefonía móvil.
3. Para presentar tu reclamo ante CONADECUS, puedes hacerlo a través de su página web (www.conadecus.gob.pe) o acercarte a sus oficinas.
4. Es importante que tengas todos los documentos relacionados con el problema (facturas, correos electrónicos, mensajes de texto, entre otros) para poder demostrar tu caso.

Recuerda que es fundamental estar tranquilo y explicar detalladamente el problema para que puedan ayudarte adecuadamente.

Fuente: Ley N° 29571 - Ley del Sistema Nacional de Protección al Usuario del Servicios Financieros","El primer reclamo debe hacerse a la empresa prestadora del servicio, sea Claro, Movistar, Entel, etc. Ellos te deben brindar medios o canales para presentar tu reclamo. Si, luego de su respuesta, no sientes que han satisfecho tus derechos, puedes interponer una denuncia ante INDECOPI.",Guía de reclamos y quejas en el servicio público de telecomunicaciones | Guía de reclamos y quejas en el servicio público de telecomunicaciones | Guía de reclamos y quejas en el servicio público de telecomunicaciones,3.77,3
3,indecopi,mistral-nemo:12b,¿Qué diferencia una denuncia de una reclamación?,"Una reclamación es un derecho que tienes como consumidor para exigir a la empresa o proveedor que te arregle algún problema con un producto o servicio que compraste. Esto puede ser porque el producto estaba defectuoso, no cumplió con lo prometido, te cobraron de más o por cualquier otra razón que tenga que ver con tu experiencia como consumidor.

Por otro lado, una denuncia es cuando reportas a las autoridades algún acto ilegal o delito cometido por alguien. Por ejemplo, si viste a alguien robando o infringiendo la ley, puedes denunciarlo a la policía para que investiguen y tomen acciones correspondientes.

La principal diferencia entre ambas es que una reclamación se dirige directamente a la empresa o proveedor para solucionar un problema con algo que compraste, mientras que una denuncia se hace ante las autoridades para reportar algún acto ilegal.

Fuentes legales:

* Ley del Consumidor (Decreto Supremo N° 074-2019-PCM)
* Código Penal del Perú (Decreto Legislativo N° 635)",Un reclamo o queja es una muestra de disconformidad que brinda el consumidor contra la empresa o proveedor a través del Libro de Reclamaciones. Una denuncia es una solicitud dirigida a INDECOPI para que sancionen con una multa al proveedor o empresa por vulnerar tus derechos como consumidor. Primero debe realizarse el reclamo antes de acudir a la denuncia.,Resolución del Consejo Directivo N° 099-2022-CD-OSIPTEL | Resolución del Consejo Directivo N° 099-2022-CD-OSIPTEL | Resolución del Consejo Directivo N° 099-2022-CD-OSIPTEL,3.41,3
4,inmobiliario,mistral-nemo:12b,¿Qué debe figurar en el contrato de compraventa de un departamento que me brinda la inmobiliaria?,"Cuando compras un departamento con una inmobiliaria, el contrato de compraventa debe incluir información clara y detallada para proteger tus derechos como consumidor. Asegúrate que figure lo siguiente:

1. Identificación del vendedor (inmobiliaria o persona) y del comprador.
2. Descripción detallada del departamento: ubicación, área, número de habitaciones, baño(s), entre otros detalles relevantes.
3. Precio total del departamento y forma de pago (moneda, plazo, número de cuotas, etc.).
4. Garantías otorgadas por el vendedor sobre la propiedad (por ejemplo, si es nueva o reventa).
5. Fechas importantes: fecha de entrega del inmueble al comprador y plazo para hacer efectiva la compra.
6. Cláusulas que regulen posibles problemas futuros, como las reparaciones necesarias antes de la entrega.

Es importante recordar que, según el Código de Protección y Defensa del Consumidor, las partes deben negociar de manera clara y transparente. Si tienes dudas o no entiendes algún término en el contrato, pregunta a la inmobiliaria antes de firmar.

Fuente:
Código de Protección y Defensa del Consumidor (Decreto Legislativo N° 748). Disponible en: <http://www.gob.pe/consumidor/legislation/codigos_y_decretos.html>","Deben brindarse todos los datos y condiciones de la venta del departamento. Algunas cosas indispensables son el área del inmueble, el precio exacto, la forma y plazos de pago, las penalidades que hubieran y la forma de resolver controversias. Estos datos deben coincidir con las ofertas y ofrecimientos dados en la publicidad o las negociaciones previas.",Guía sobre productos y servicios inmobiliarios | Guía sobre productos y servicios inmobiliarios | Guía sobre productos y servicios inmobiliarios,4.22,3
5,servicios_financieros,mistral-nemo:12b,"¿Tengo derecho a pagar por adelantado mis préstamos con el banco, para evitar intereses?","Sí, tienes derecho a pagar tus préstamos con anticipación. Esto se conoce como ""pagos anticipados"" o ""amortización anticipada"". Aquí te explico cómo hacerlo paso a paso:

1. Revisa tu contrato de préstamo para conocer las condiciones de amortización anticipada que acepta el banco.
2. Asegúrate de que no hay ninguna cláusula que penalice los pagos anticipados o que requiera una cantidad mínima para hacerlos.
3. Si todo está en orden, entonces puedes hacer un pago adicional sobre el saldo de tu préstamo. Este pago adicional reducirá el monto total del préstamo y, por lo tanto, disminuirá la cantidad de intereses a pagar.
4. Es importante que especifiques que se trata de un pago anticipado para evitar confusiones con otros pagos como las cuotas mensuales.

Ten en cuenta que, según la Ley N° 29571, ""Ley de Protección y Defensa del Consumidor Financiero"", los bancos no pueden cobrar ninguna comisión por amortización anticipada. Sin embargo, siempre es recomendable verificar las condiciones específicas de tu préstamo antes de realizar cualquier pago adicional.

Fuentes legales utilizadas:
- Ley N° 29571, ""Ley de Protección y Defensa del Consumidor Financiero""","Sí. El consumidor tiene derecho a pagar por adelantado los créditos o deudas que haya contraído con la institución financiera, libremente. El banco no puede negarse a recibir el pago.",Lineamientos sobre Protección al Consumidor - Actualizado 2022 | Lineamientos sobre Protección al Consumidor - Actualizado 2022 | Lineamientos sobre Protección al Consumidor - Actualizado 2022,4.11,3
6,indecopi,mistral-nemo:12b,¿Puedo pedir indemnización o reparación por los daños sufridos mediante el Libro de Reclamaciones o INDECOPI?,"Sí, puedes pedir indemnización o reparación por los daños sufridos mediante el Libro de Reclamaciones o ante la Comisión Nacional para la Protección y Defensa del Consumidor (INDICOPI). Sin embargo, debes recordar que el proceso varía dependiendo de si usas el Libro de Reclamaciones o te diriges directamente a INDICOPI.

Si decides usar el Libro de Reclamaciones, estos son los pasos prácticos que puedes seguir:

1. Busca el libro en la tienda o empresa donde compraste el producto o recibiste el servicio.
2. Escribe una descripción clara y detallada del problema que tuviste con el producto o servicio.
3. Incluye pruebas que respalden tu reclamo, como fotos o recibos.
4. Entrega el libro de reclamaciones lleno a un empleado de la tienda o empresa.

Si prefieres dirigirte a INDICOPI para pedir una reparación o indemnización, estos son los pasos prácticos:

1. Visita el sitio web de INDICOPI (www.consumidor.gob.pe) y completa el formulario de denuncia en línea.
2. Si no puedes completar el formulario en línea, acude a la sede principal de INDICOPI en Lima o a alguna de sus oficinas regionales para llenar el formato de denuncia manualmente.
3. Presenta cualquier prueba que respalde tu reclamo, como fotos o recibos.

Recuerda que, si decides presentar una demanda judicial por daños y perjuicios, debes contar con un abogado y seguir los procedimientos legales correspondientes.

Fuentes legales:
Ley del Consumidor (Ley N° 2461)","No. La reclamación y la denuncia por derechos de consumidor no permiten exigirle a la empresa o proveedor una indemnización por daños y perjuicios. La indemnización por los daños sufridos debe interponerse como un juicio ordinario, ante el Poder Judicial.",Cartilla informativa sobre SOAT | Cartilla informativa sobre SOAT | Cartilla informativa sobre SOAT,5.0,3
7,productos_defectuosos,mistral-nemo:12b,¿Pueden negarse a cambiarme una prenda de ropa porque la que compré tiene roturas o mala calidad?,"No, si compraste la ropa para uso personal, tienes derecho a que te la cambien o te devuelvan tu dinero. Para hacer esto, sigue estos pasos:

1. Guarda la factura de compra.
2. Revisa el estado de la prenda con calma y toma fotos si es posible.
3. Lleva la prenda y la factura al local donde la compraste para solicitar cambio o devolución.
4. Si te niegan, explica que como consumidor tienes derecho a que te cambien el producto si tiene defectos o mala calidad (Decreto Legislativo N° 105 - Ley del Consumidor).
5. Si aún así no acceden, puedes denunciar ante Indecopi.

Fuente: Decreto Legislativo N° 105 - Ley del Consumidor","No. Si el producto no cumple con la calidad, materiales o cualificaciones que se ofrecieron, entonces están obligados a restituirte un nuevo producto.",Lineamientos sobre Protección al Consumidor - Actualizado 2022 | Lineamientos sobre Protección al Consumidor - Actualizado 2022 | Lineamientos sobre Protección al Consumidor - Actualizado 2022,2.66,3
8,servicios_financieros,mistral-nemo:12b,¿El banco puede cobrar comisiones o conceptos a mi tarjeta de crédito sin avisarme?,"No. Según la Séptima Disposición Complementaria de la Ley del Sistema Financiero y del Sistema de Protección al Consumidor (Ley N° 29571), las empresas que emiten tarjetas de crédito deben contar con por lo menos una tarjeta sin comisión de membresía. Estas empresas también están obligadas a informarte sobre esta opción antes de contratar cualquier tarjeta.

Si descubres que te han cobrado comisiones o conceptos en tu tarjeta de crédito sin haberte avisado, tienes derecho a reclamar y exigir la devolución de ese dinero. Para hacerlo, lo primero es revisar el contrato de tu tarjeta para ver si realmente estás siendo cobrado por algo no autorizado.

Luego, debes comunicarte con el banco o entidad emisora de la tarjeta para expresar tu reclamo. Puedes hacer esto a través de una carta escrita, un correo electrónico o una llamada telefónica. En esta comunicación, explica cuál es el problema y que quieres que se devuelva el dinero cobrado indebidamente.

Si no logras solucionar el problema directamente con el banco, puedes presentar una denuncia ante Indecopi (Instituto Nacional de Defensa de la Competencia y de la Protección de la Propiedad Intelectual). Para hacer esto, debes seguir los procedimientos establecidos en su sitio web o en sus oficinas.

En resumen, es importante estar al tanto de las condiciones de tu tarjeta de crédito para evitar ser cobrado indebidamente. Si happens algo así, tienes derecho a reclamar y exigir la devolución del dinero cobrado sin autorización. La Ley N° 29571 establece esta protección para los usuarios de tarjetas de crédito.

Fuentes:
- Ley N° 29571 - Sistema Financiero y del Sistema de Protección al Consumidor",No. Está prohibido aumentar o cambiar las comisiones y otros gastos que pague el consumidor sin que primero se le informe adecuadamente.,Resolución SBS N° 3274-2017 | Resolución SBS N° 3274-2017 | Resolución SBS N° 3274-2017,5.42,3
9,libro_reclamaciones,mistral-nemo:12b,¿Una empresa o negocio digital tiene que tener un libro de reclamaciones?,"Sí, una empresa o negocio digital en Perú debe tener un libro de reclamaciones según lo establecido por el Código de Protección y Defensa del Consumidor. Esto permite a los consumidores expresar sus reclamos o sugerencias de manera fácil y clara.

Para hacer uso del libro de reclamaciones, sigue estos pasos prácticos:

1. Busca en la página web del negocio digital si tienen un enlace directo al libro de reclamaciones.
2. Si no encuentras el enlace, busca información sobre cómo realizar una reclamación en sus términos y condiciones o políticas de privacidad.
3. En caso no halles la información, comunícate con ellos a través de correo electrónico o redes sociales preguntando por el libro de reclamaciones.

Si aún así no tienes éxito, puedes denunciar al negocio ante Indecopi (Instituto Nacional de Defensa de la Competencia y de la Protección de la Propiedad Intellectual) en su plataforma virtual o mediante una llamada telefónica al 0801-4000.

Fuente: Código de Protección y Defensa del Consumidor - Decreto Ley N° 762 (Artículo 150).","Sí. Todos los negocios, sean con tienda física o virtual, deben contar con un libro de reclamaciones. En caso de un negocio digital, el libro de reclamaciones es virtual, y tiene las mismas características que un libro de reclamaciones físico.",Código de Protección y Defensa del Consumidor | Código de Protección y Defensa del Consumidor | Código de Protección y Defensa del Consumidor,3.38,3
10,precios,mistral-nemo:12b,¿Pueden subir o cobrarme más del precio que muestran en la tienda o página web?,"Según el artículo 7 del Código del Consumidor peruano, los proveedores no pueden obligar a los consumidores a pagar sumas adicionales por el uso de un medio de pago específico. Si el precio está diferenciado según el medio de pago, esa información debe estar claramente visible en la tienda o página web.

Si te encuentras con un proveedor que cobra más de lo acordado solo porque estás utilizando un medio de pago específico, puedes hacer lo siguiente:

1. Revisa si en el local o sitio web se indica que hay precios diferentes según el medio de pago.
2. Si no se menciona nada o si la información es confusa, recuerda que tienes derecho a pagar solo el precio publicado.
3. Paga la cantidad exacta que corresponde al producto o servicio, sin agregar ninguna suma adicional por el medio de pago utilizado.

Si el proveedor insiste en cobrarte más, puedes hacer una reclamación por escrito y enviar una copia a la Indecopi (Instituto Nacional para la Defensa de la Competencia y Protección de la Propiedad Intelectual). También puedes buscar asesoría legal para defender tus derechos como consumidor.

Fuente: Artículo 7 del Código del Consumidor peruano.","No. Cualquier aumento o sobreprecio al precio que se exhibe en la página web o en la tienda física está prohibido. La empresa debe mostrar exactamente el precio final a cobrar, o avisar claramente si existe algún recargo o pago adicional.",Código de Protección y Defensa del Consumidor | Código de Protección y Defensa del Consumidor | Código de Protección y Defensa del Consumidor,3.59,3
1,libro_reclamaciones,qwen2.5:14b,¿Cuál es la diferencia entre queja y reclamo en el Libro de Reclamaciones?,"En Perú, entender la diferencia entre una queja y un reclamo es clave para proteger tus derechos como consumidor. Aquí está cómo puedes diferenciarlos:

1. **Queja**: Es cuando te sientes incómodo o molesto por algo relacionado con el servicio o atención brindada por la empresa, pero no tiene que ver directamente con un producto defectuoso o malo. Por ejemplo, si el personal de una tienda es desagradable contigo.

2. **Reclamo**: Es cuando tienes un problema específico con un producto que compraste y este no funciona como debería. Esto también aplica para servicios que no cumplen las expectativas contractuales. Ejemplo: has adquirido un televisor nuevo pero no enciende.

Si te encuentras en una situación donde necesitas hacer un reclamo, debes ir al Libro de Reclamaciones (que está disponible tanto físico como online) dentro del establecimiento y registrar tu queja allí. Luego, la empresa debe darte una respuesta oficial.

Es importante conocer la diferencia para presentar el tipo correcto de queja o reclamo según corresponda a tu situación.","La reclamación trata sobre problemas o deficiencias en el producto o servicio en sí, como un aparato que no funcione o una comida contaminada, mientras que una queja trata sobre el servicio al cliente y el trato al consumidor por parte del establecimiento o proveedor, como un mesero que exija propina.",Guía de procedimientos INDECOPI - Reclamos y Denuncias | Guía de reclamos y quejas en el servicio público de telecomunicaciones | Guía de reclamos y quejas en el servicio público de telecomunicaciones,8.81,3
2,telecomunicaciones,qwen2.5:14b,¿A quién reclamo si tengo un problema con mi servicio de telefonía móvil?,"Si tienes un problema con tu servicio de telefonía móvil, puedes dirigirte al Operador Responsable de la Facturación (ORFEO), que es una entidad encargada de mediar entre los usuarios y los operadores móviles. El ORFEO te ayudará a resolver tus reclamos relacionados con servicios de telefonía móvil.

Aquí tienes cómo proceder paso a paso:

1. **Identifica tu problema:** Determina si se trata de un tema como falta de consentimiento, falta de cobertura, falta de información o cualquier otro que afecte el servicio de tu número telefónico.
   
2. **Recopila evidencias:** Anota fechas y detalles específicos sobre lo que ha ocurrido. Esto incluye facturas, mensajes de texto, llamadas recibidas, entre otros.

3. **Presenta tu reclamo a ORFEO:** Visita el sitio web oficial del ORFEO (www.orfeo.com.pe) o llama al número gratuito que ofrecen para presentar tu reclamo. Debes proporcionar tus datos personales y la información necesaria sobre tu problema.

4. **Espera una respuesta:** Una vez recibida tu solicitud, ORFEO investigará el caso e informará a ambas partes (cliente y operador) sobre los resultados del proceso de revisión. El plazo máximo para que te respondan es de 10 días hábiles desde la presentación del reclamo.

5. **Sigue las recomendaciones:** Si ORFEO determina que tienes razón, el operador móvil debería corregir la situación según lo indicado en las normativas legales mencionadas anteriormente (como retornar tu número a tu operador original si se trató de una portabilidad no consentida).

Recuerda que siempre es importante mantener tus registros y seguir los pasos recomendados para asegurarte de que tus derechos como consumidor sean respetados.

Fuente legal: Ley del Código de Protección al Usuario de Servicios de Comunicaciones Electrónicas.","El primer reclamo debe hacerse a la empresa prestadora del servicio, sea Claro, Movistar, Entel, etc. Ellos te deben brindar medios o canales para presentar tu reclamo. Si, luego de su respuesta, no sientes que han satisfecho tus derechos, puedes interponer una denuncia ante INDECOPI.",Guía de reclamos y quejas en el servicio público de telecomunicaciones | Guía de reclamos y quejas en el servicio público de telecomunicaciones | Guía de reclamos y quejas en el servicio público de telecomunicaciones,7.61,3
3,indecopi,qwen2.5:14b,¿Qué diferencia una denuncia de una reclamación?,"En el contexto peruano, una denuncia y una reclamación tienen usos diferentes:

- **Reclamación**: Es cuando un cliente no está contento con algún producto o servicio que le han proporcionado. Podría ser porque algo llegó dañado, no funciona bien, o no es lo que esperaba. La reclamación se presenta a la empresa directamente para solucionar el problema.

- **Denuncia**: Se utiliza cuando sientes que tus derechos como consumidor están siendo violados de una manera grave y quieren hacer oficial tu queja para que las autoridades actúen. Por ejemplo, si un producto es peligroso o si la empresa está haciendo algo ilegal.

Entonces, en resumen:
- **Reclamación**: Procesos menores con la empresa directamente.
- **Denuncia**: Cuando necesitas involucrar a las autoridades debido a violaciones graves.

Para ambos casos es importante seguir los plazos y procedimientos establecidos para evitar que sean declarados improcedentes.",Un reclamo o queja es una muestra de disconformidad que brinda el consumidor contra la empresa o proveedor a través del Libro de Reclamaciones. Una denuncia es una solicitud dirigida a INDECOPI para que sancionen con una multa al proveedor o empresa por vulnerar tus derechos como consumidor. Primero debe realizarse el reclamo antes de acudir a la denuncia.,Resolución del Consejo Directivo N° 099-2022-CD-OSIPTEL | Resolución del Consejo Directivo N° 099-2022-CD-OSIPTEL | Resolución del Consejo Directivo N° 099-2022-CD-OSIPTEL,4.24,3
4,inmobiliario,qwen2.5:14b,¿Qué debe figurar en el contrato de compraventa de un departamento que me brinda la inmobiliaria?,"Para asegurarte de que estás protegido al comprar tu departamento a través de una inmobiliaria (considerada como proveedor inmobiliario), debes tener cuidado con lo que figura en el contrato. Aquí te doy algunos puntos clave que deben incluirse:

1. **Datos del comprador y vendedor**: Deben estar claramente identificados, incluyendo nombre completo, documento de identidad, número de teléfono y dirección.

2. **Detalles del inmueble**: Especifica la ubicación exacta (calle, número, ciudad), descripción detallada del departamento (número de habitaciones, área en metros cuadrados, etc.), estado del inmueble y cualquier característica importante como si tiene piscina o parqueo.

3. **Precio total**: Debe incluir el valor final que estás dispuesto a pagar por el departamento, sin excepciones ni gastos adicionales ocultos.

4. **Forma de pago**: Indica cómo se realizarán los pagos (en cuotas, un solo pago), la fecha en que debes entregar cada cuota y si hay algún penalización por retraso.

5. **Garantía**: Debe especificar el plazo dentro del cual puedes reclamar cualquier defecto oculto o no declarado del inmueble después de la compra.

6. **Condiciones adicionales**: Pueden incluir condiciones especiales acordadas entre ambas partes, como la entrega de muebles y electrodomésticos que vienen con el departamento.

7. **Firma y fecha**: Ambos comprador y vendedor deben firmar el contrato en presencia de un notario o testigo para validar los términos acordados y establecer una fecha específica.

Si crees que algo está faltando, no dudes en pedir una aclaración al proveedor inmobiliario. Es importante que todo quede muy claro antes de firmar cualquier documento legal.

Fuente: Código de Protección y Defensa del Consumidor y el Código Civil peruano.","Deben brindarse todos los datos y condiciones de la venta del departamento. Algunas cosas indispensables son el área del inmueble, el precio exacto, la forma y plazos de pago, las penalidades que hubieran y la forma de resolver controversias. Estos datos deben coincidir con las ofertas y ofrecimientos dados en la publicidad o las negociaciones previas.",Guía sobre productos y servicios inmobiliarios | Guía sobre productos y servicios inmobiliarios | Guía sobre productos y servicios inmobiliarios,7.84,3
5,servicios_financieros,qwen2.5:14b,"¿Tengo derecho a pagar por adelantado mis préstamos con el banco, para evitar intereses?","Sí, tienes el derecho de pagar tus préstamos antes de la fecha establecida sin pagar multas adicionales. Esto se conoce como ""pagos anticipados"". Sin embargo, es importante tener en cuenta que si cancelas tu préstamo Mi Vivienda antes de tiempo, puedes perder el Bono de Buen Pagador.

Aquí te explico cómo proceder:

1. **Comunícate con tu banco**: Llama al banco o acércate a una sucursal para preguntar cuándo y cómo puedes realizar un pago anticipado sin penalizaciones.
2. **Revisa tus documentos**: Asegúrate de entender los términos de tu préstamo, ya que pueden haber cláusulas específicas sobre pagos anticipados.
3. **Realiza el pago**: Haz el depósito o la transferencia como lo indique tu banco para un pago adelantado.

Es importante verificar siempre con tu entidad financiera cuál es su política específica en cuanto a estos derechos, ya que pueden variar según los detalles del préstamo y las condiciones contractuales particulares.

Fuente legal: 
- Ley N.° 29033, Ley de Creación del Bono de Buen Pagador
- Reglamento del Nuevo Crédito Mi Vivienda","Sí. El consumidor tiene derecho a pagar por adelantado los créditos o deudas que haya contraído con la institución financiera, libremente. El banco no puede negarse a recibir el pago.",Lineamientos sobre Protección al Consumidor - Actualizado 2022 | Lineamientos sobre Protección al Consumidor - Actualizado 2022 | Lineamientos sobre Protección al Consumidor - Actualizado 2022,4.69,3
6,indecopi,qwen2.5:14b,¿Puedo pedir indemnización o reparación por los daños sufridos mediante el Libro de Reclamaciones o INDECOPI?,"Para solicitar una indemnización o reparación por daños debido a productos o servicios, debes usar el Libro de Reclamaciones o presentar tu queja directamente ante la entidad regulatoria INDECOPI. Aquí te explico cómo hacerlo paso a paso:

1. **Libro de Reclamaciones:**
   - Ve al establecimiento donde obtuviste el producto o servicio.
   - Pide ver el Libro de Reclamaciones que tienen en el lugar.
   - Describe detalladamente tu problema y qué tipo de reparación deseas, como una indemnización.
   - El encargado debe registrarte allí y darte un recibo.

2. **INDECOPI:**
   - Puedes presentar tu reclamo directamente en INDECOPI o a través de su sitio web.
   - Detalla toda la información relevante del problema, incluyendo fechas, nombres del establecimiento, etc.
   - Anexa cualquier documentación que respalde tu reclamación, como facturas y fotografías.

Es importante hacer estas acciones lo antes posible después de que ocurra el problema. Si no obtienes una respuesta satisfactoria, INDECOPI te ayudará a mediar la situación o tomarán medidas para resolverlo.

Este procedimiento es diferente al requerido para solicitar reembolsos por gastos médicos y sepelio, que implica presentar documentos específicos como los mencionados anteriormente.

Fuente: Ley de Defensa del Consumidor y reglamentos de INDECOPI.","No. La reclamación y la denuncia por derechos de consumidor no permiten exigirle a la empresa o proveedor una indemnización por daños y perjuicios. La indemnización por los daños sufridos debe interponerse como un juicio ordinario, ante el Poder Judicial.",Cartilla informativa sobre SOAT | Cartilla informativa sobre SOAT | Cartilla informativa sobre SOAT,5.88,3
7,productos_defectuosos,qwen2.5:14b,¿Pueden negarse a cambiarme una prenda de ropa porque la que compré tiene roturas o mala calidad?,"No, no pueden negarse a cambiarle la prenda si está defectuosa. Como consumidor, tienes el derecho a recibir un producto sin daños ni defectos de fábrica. Aquí te explico cómo proceder:

1. **Reúna evidencia**: Tome fotos del producto con los defectos para tener pruebas.
2. **Comunique su problema**: Diríjase al lugar donde compró la prenda y explique el problema amablemente, mostrándole las fotos o el producto defectuoso.
3. **Solicite el cambio o reparación**: Pida que le cambien el artículo por uno nuevo o que lo reparen gratis.
4. **Consiga un recibo o carta**: Anote la fecha y el nombre del vendedor cuando entregue la prenda, para mantener un registro de su reclamo.

Si no obtiene respuesta o es tratado injustamente, puede ponerse en contacto con la autoridad nacional para la defensa de los consumidores como Proconsumo. También tiene derecho a presentar una queja ante el Ministerio de Economía y Finanzas (MEF) o acudir a la justicia.

Recuerda que según las leyes peruanas, tienes 15 días desde la compra para solicitar un cambio o reparación por defectos en el producto.","No. Si el producto no cumple con la calidad, materiales o cualificaciones que se ofrecieron, entonces están obligados a restituirte un nuevo producto.",Lineamientos sobre Protección al Consumidor - Actualizado 2022 | Lineamientos sobre Protección al Consumidor - Actualizado 2022 | Lineamientos sobre Protección al Consumidor - Actualizado 2022,5.1,3
8,servicios_financieros,qwen2.5:14b,¿El banco puede cobrar comisiones o conceptos a mi tarjeta de crédito sin avisarme?,"No, el banco no puede cobrarte comisiones por membresía en una tarjeta de crédito que se anunció como sin comisión de membresía. Además, debieron haberte informado previamente sobre la existencia de esta tarjeta antes de que contrataras alguna otra.

Si te han cobrado o ves cargos no esperados, aquí es lo que puedes hacer:

1. **Revisa tu estado de cuenta:** Busca los detalles del cargo y asegúrate de que se trata de una comisión por membresía o un cargo similar.

2. **Contacta al banco:** Llama a la línea telefónica de atención al cliente del banco para informarles sobre el cobro no esperado. Explica brevemente tu situación, indicando que crees que este cargo es incorrecto debido a las reglas que prohíben las comisiones por membresía en ciertas tarjetas.

3. **Solicita la devolución del pago:** Pide al banco que anule el cobro y que te reembolsen el dinero de manera inmediata.

4. **Documenta todo:** Lleva un registro escrito o digital de tu conversación, incluyendo la fecha, hora, nombre del representante con quien hablaste y cualquier número de referencia proporcionado por ellos. Si es posible, también anota las promesas hechas durante la llamada.

Si el banco no resuelve el problema o si crees que tus derechos como consumidor han sido violados, puedes:

- **Denunciar al Ministerio de Economía y Finanzas:** Puedes presentar una denuncia por correo electrónico o personalmente a esta entidad, proporcionando toda la documentación que recabaste.

- **Consultar la Asociación Bancaria de la República del Perú (ABREP):** Esta organización puede ayudarte a entender mejor tus derechos y ofrecerte asesoramiento adicional sobre cómo proceder con tu caso.

Recuerda que estas acciones están respaldadas por las regulaciones sobre tarjetas de crédito en el Perú. 

Fuente legal: Reglamento de Tarjetas de Crédito y Débito del Perú",No. Está prohibido aumentar o cambiar las comisiones y otros gastos que pague el consumidor sin que primero se le informe adecuadamente.,Resolución SBS N° 3274-2017 | Resolución SBS N° 3274-2017 | Resolución SBS N° 3274-2017,7.88,3
9,libro_reclamaciones,qwen2.5:14b,¿Una empresa o negocio digital tiene que tener un libro de reclamaciones?,"Sí, tanto los establecimientos comerciales tradicionales como las plataformas digitales de comercio electrónico deben contar con un libro de reclamaciones. Este libro puede ser físico o virtual, según corresponda al tipo de negocio.

Si sientes que algo no te convenció en tu compra y quieres dejar una queja o sugerencia, puedes buscar el libro de reclamaciones del lugar donde compraste. Si es un comercio digital, generalmente encontrarás esta opción en su sitio web o en las condiciones de servicio.

Paso a paso:
1. Localiza el libro de reclamaciones.
2. Escribe tus datos personales (nombre y número de documento).
3. Explica claramente lo que no te gustó con detalles específicos.
4. Propón una solución para tu problema o inquietud.
5. Siempre es buena idea hacer copia del reclamo antes de entregarlo.

Recuerda, el establecimiento tiene la responsabilidad de resolver tus reclamos conforme a las reglas estipuladas en el reglamento.

Fuente legal: Artículo 150 del Texto Único Ordenado de la Ley General de Protección al Consumidor.","Sí. Todos los negocios, sean con tienda física o virtual, deben contar con un libro de reclamaciones. En caso de un negocio digital, el libro de reclamaciones es virtual, y tiene las mismas características que un libro de reclamaciones físico.",Código de Protección y Defensa del Consumidor | Código de Protección y Defensa del Consumidor | Código de Protección y Defensa del Consumidor,4.41,3
10,precios,qwen2.5:14b,¿Pueden subir o cobrarme más del precio que muestran en la tienda o página web?,"No, los comercios no pueden cobrarte más del precio que muestra. Si ves un precio en el local o en una página web, ese debe ser el precio final que pagas por el producto o servicio.

Si hay ofertas especiales, promociones o descuentos, también debes poder usar cualquier medio de pago sin restricciones adicionales a menos que te avisen claramente sobre las condiciones y formas específicas permitidas antes de la compra. Si te cobran más del precio anunciado, tienes el derecho de rechazar pagar la suma adicional y exigir respetar el precio publicitado.

Pasos prácticos si esto te ocurre:
1. Pide explicaciones al comerciante sobre por qué están cambiando el precio.
2. Si no estás conforme con la respuesta, anota todos los detalles de lo ocurrido (fecha, hora, lugar, cantidad).
3. Si es necesario, puedes presentar una queja ante la Defensoría del Pueblo o las oficinas de Consumidor y Usuario.

Fuente legal: Artículo 7 del Código de Protección y Defensa del Consumidor.","No. Cualquier aumento o sobreprecio al precio que se exhibe en la página web o en la tienda física está prohibido. La empresa debe mostrar exactamente el precio final a cobrar, o avisar claramente si existe algún recargo o pago adicional.",Código de Protección y Defensa del Consumidor | Código de Protección y Defensa del Consumidor | Código de Protección y Defensa del Consumidor,4.31,3
