id_pregunta,categoria,modelo,pregunta,score_gemini,clasificacion_gemini,conceptos_encontrados,conceptos_faltantes,alucinaciones,justificacion_gemini,tiempo_segundos,num_docs_recuperados
1,libro_reclamaciones,mistral:7b-instruct,¿Cuál es la diferencia entre queja y reclamo en el Libro de Reclamaciones?,,error_api,,,,"Error al llamar a Gemini: Expecting ',' delimiter: line 7 column 3 (char 209)",43.33,3
2,telecomunicaciones,mistral:7b-instruct,¿A quién reclamo si tengo un problema con mi servicio de telefonía móvil?,1,parcial,Reclamar primero a la empresa prestadora del servicio | La empresa debe brindar canales para el reclamo,"Si no hay satisfacción, se puede denunciar ante INDECOPI",,"El chatbot identifica correctamente el primer paso (reclamar al operador) y los canales para hacerlo. Sin embargo, omite completamente el segundo paso crucial de escalar el reclamo a INDECOPI si la respuesta inicial no es satisfactoria, lo cual es información esencial en la defensa del consumidor peruano.",38.28,3
3,indecopi,mistral:7b-instruct,¿Qué diferencia una denuncia de una reclamación?,1,parcial,Denuncia es una queja ante autoridades | Reclamación es un procedimiento para exigir cumplimiento de obligaciones | Ejemplo de reclamación por producto insatisfactorio,Reclamo/Queja es muestra de disconformidad del consumidor contra la empresa | Reclamo se hace a través del Libro de Reclamaciones | Denuncia es solicitud dirigida a INDECOPI | Propósito de denuncia: sancionar con multa al proveedor por vulnerar derechos | Orden: Primero debe realizarse el reclamo antes de la denuncia,"La denuncia de consumo es presentada por 'delito o infracción penal', cuando INDECOPI sanciona infracciones administrativas, no penales","La respuesta del chatbot explica la diferencia de manera muy general pero omite detalles cruciales y específicos del derecho del consumidor peruano, como INDECOPI, el Libro de Reclamaciones y la naturaleza administrativa de las infracciones. Además, desvía el concepto de 'denuncia' hacia 'delitos o infracciones penales', lo cual es una imprecisión significativa en este contexto.",32.37,3
4,inmobiliario,mistral:7b-instruct,¿Qué debe figurar en el contrato de compraventa de un departamento que me brinda la inmobiliaria?,1,parcial,Área del inmueble | Precio exacto | Forma y plazos de pago | Condiciones de la venta,Penalidades | Forma de resolver controversias | Coincidencia con ofertas y ofrecimientos dados en la publicidad o las negociaciones previas,,"La respuesta del chatbot es muy detallada y correcta en general, añadiendo información valiosa basada en el Código de Protección y Defensa del Consumidor. Sin embargo, omite explícitamente la mención de las 'penalidades' y la 'forma de resolver controversias', así como el importante principio de que los datos contractuales deben coincidir con la publicidad y ofertas previas, los cuales son puntos clave presentes en la respuesta de referencia.",55.96,3
5,servicios_financieros,mistral:7b-instruct,"¿Tengo derecho a pagar por adelantado mis préstamos con el banco, para evitar intereses?",1,parcial,Derecho a pagar anticipadamente préstamos,El banco no puede negarse a recibir el pago,"La mención del 'Bono de Buen Pagador' y las leyes relacionadas es información específica para el 'Nuevo Crédito Mi Vivienda' y no es relevante para el derecho general a pagar anticipadamente cualquier préstamo para evitar intereses, desviando el foco de la pregunta.","La respuesta del chatbot es 'parcial' porque, si bien acierta en el 'sí' y menciona el derecho a pagar anticipadamente, omite el punto clave de que el banco no puede negarse a recibir el pago. Además, incluye información irrelevante y específica sobre el 'Bono de Buen Pagador' que no aplica al derecho general de prepago y puede confundir al ciudadano.",26.43,3
6,indecopi,mistral:7b-instruct,¿Puedo pedir indemnización o reparación por los daños sufridos mediante el Libro de Reclamaciones o INDECOPI?,0,incorrecto,,No se puede exigir indemnización por daños y perjuicios a través del Libro de Reclamaciones o INDECOPI | La indemnización por los daños sufridos debe interponerse como un juicio ordinario ante el Poder Judicial,Afirmar que INDECOPI puede obligar a la empresa a indemnizarte por daños y perjuicios | Mencionar la Ley N° 28396 como 'Ley del Libro de Reclamaciones' (número de ley incorrecto para este fin) | Mencionar el Reglamento de la Ley del Libro de Reclamaciones (RD 014-2007-MP) como fuente (norma incorrecta),"El chatbot responde lo contrario ('Sí') a una pregunta de sí/no cuya respuesta correcta es 'No', lo que automáticamente califica como incorrecto. Además, alucina sobre las facultades de INDECOPI para otorgar indemnizaciones por daños y perjuicios y sobre las fuentes legales.",42.29,3
7,productos_defectuosos,mistral:7b-instruct,¿Pueden negarse a cambiarme una prenda de ropa porque la que compré tiene roturas o mala calidad?,0,incorrecto,"producto no cumple con calidad | exigir cambio o reembolso | pasos para reclamo (evidencia, contactar tienda, solicitar)",la tienda no puede negarse | obligación de la tienda de restituir un nuevo producto,Nombre de institución 'Consumidor Peruano (Organismo de Defensa del Consumidor y Defensoría del Cliente)' | Número y título de ley 'Ley N° 28710 del Consumidor y Servicios de la República del Perú (2012)',"La respuesta del chatbot inicia con 'Sí' cuando la respuesta correcta a la pregunta de '¿Pueden negarse...?' es 'No', contradiciendo directamente la referencia. Además, alucina con el nombre de una institución y el número y título de la ley pertinente.",46.1,3
8,servicios_financieros,mistral:7b-instruct,¿El banco puede cobrar comisiones o conceptos a mi tarjeta de crédito sin avisarme?,1,parcial,Prohibición de cobrar comisiones/gastos sin aviso previo | Necesidad de informar adecuadamente antes de un aumento o cambio,,"La mención de 'la Séptima del Reglamento de Tarjetas de Crédito y Débito' como una referencia legal específica y directa es imprecisa y no estándar. | La cita del 'Reglamento de Tarjetas de Crédito y Débito, 2019' y su asociación con la 'Resolución Directoral N° 053/INF-SBS-2017' son incorrectas, ya que el año del reglamento y el número de resolución no corresponden a la normativa vigente.","El chatbot responde correctamente a la pregunta principal, indicando la prohibición de cobrar sin aviso previo. Sin embargo, sus alucinaciones en las referencias legales específicas (mención de 'la Séptima' y datos incorrectos de la resolución y año del reglamento) son imprecisiones graves que restan valor a la respuesta.",6.86,3
9,libro_reclamaciones,mistral:7b-instruct,¿Una empresa o negocio digital tiene que tener un libro de reclamaciones?,0,incorrecto,obligatoriedad del libro de reclamaciones para negocios digitales | el libro de reclamaciones puede ser virtual,aplica a todos los negocios (físicos o virtuales) | el libro de reclamaciones virtual tiene las mismas características que uno físico,La fuente citada 'Ley General de Protección al Consumidor (Decreto Legislativo N° 1025/2016)' es incorrecta. El Decreto Legislativo N° 1025 es de 2008 y no regula directamente el libro de reclamaciones.,"Aunque el chatbot acierta en la respuesta principal, la inclusión de una ley de soporte incorrecta y con datos erróneos constituye una alucinación grave en un contexto legal, lo que invalida la fiabilidad de la respuesta general.",3.43,3
10,precios,mistral:7b-instruct,¿Pueden subir o cobrarme más del precio que muestran en la tienda o página web?,1,parcial,Prohibición de cobrar más del precio exhibido (local/web) | Transparencia sobre diferenciación de precio según medio de pago | No obligación de pagar sumas adicionales indebidas,,"La fuente citada 'Ley General del Consumidor N° 29456' es incorrecta. La norma de protección al consumidor en Perú es la Ley N° 29571, Código de Protección y Defensa del Consumidor. La Ley N° 29456 corresponde a la Ley de los Productos Farmacéuticos, Dispositivos Médicos y Productos Sanitarios.","La respuesta del chatbot es correcta en su contenido principal, cubriendo la prohibición de cobrar más y la necesidad de transparencia para recargos. Sin embargo, comete una alucinación grave al citar un número de ley incorrecto para la protección del consumidor, lo que penaliza la puntuación.",4.43,3
1,libro_reclamaciones,llama3.1:8b,¿Cuál es la diferencia entre queja y reclamo en el Libro de Reclamaciones?,1,parcial,"Reclamo sobre fallas o disconformidad con el producto o servicio en sí. | Queja sobre la atención recibida o el trato al consumidor, no relacionado con el producto o servicio directamente. | Ejemplos claros para diferenciar queja y reclamo.",,"El chatbot cita como fuente legal el Código de Protección y Defensa del Consumidor (Decreto Supremo N° 004-93 - Decreto Ley N° 25594), el cual es un código derogado y no el vigente en Perú (Ley N° 29571).","La respuesta del chatbot explica correctamente la diferencia entre queja y reclamo con ejemplos claros, cubriendo los conceptos clave de la referencia. Sin embargo, cita una ley de protección al consumidor que está derogada, lo que representa una imprecisión importante para un evaluador experto en derechos del consumidor peruano.",6.87,3
2,telecomunicaciones,llama3.1:8b,¿A quién reclamo si tengo un problema con mi servicio de telefonía móvil?,0,incorrecto,Reclamar a la empresa prestadora del servicio/operador,Reclamar a INDECOPI como segunda instancia,"Mención de la institución 'Superintendencia Nacional de Telecomunicaciones (SNT)' como ente de reclamo, la cual no existe en Perú para esta función. | Mención de 'Ley N° 30288: Ley General de Telecomunicaciones' que es incorrecta/inexistente. | Mención de 'Decreto Supremo N° 004-2013-SA: Reglamento de la Ley General de Telecomunicaciones' que es incorrecto y no está relacionado con el sector.","La respuesta del chatbot es incorrecta porque, aunque acierta en el primer paso, inventa una institución ('SNT') para el segundo nivel de reclamo en lugar de mencionar a INDECOPI, que es la entidad correcta. Además, cita leyes y decretos supremos que son incorrectos o no existen, constituyendo alucinaciones graves.",3.54,3
3,indecopi,llama3.1:8b,¿Qué diferencia una denuncia de una reclamación?,0,incorrecto,,"Definición de reclamo como muestra de disconformidad a través del Libro de Reclamaciones | Definición de denuncia como solicitud a INDECOPI para sancionar con multa por vulneración de derechos | Orden cronológico de los procesos (primero reclamo, luego denuncia)",,"El chatbot indica que 'no hay información' sobre la diferencia entre una denuncia y una reclamación, lo cual contradice directamente la capacidad de responder a la pregunta y no ofrece ningún concepto clave de la referencia.",12.98,3
4,inmobiliario,llama3.1:8b,¿Qué debe figurar en el contrato de compraventa de un departamento que me brinda la inmobiliaria?,1,parcial,"Descripción detallada del bien (área, tamaño, ubicación) | Precio o valor de venta | Formas y plazos de pago | Plazo de entrega",Penalidades que hubieran | Forma de resolver controversias | Coincidencia de datos con ofertas y publicidad previa,,"La respuesta del chatbot cubre correctamente la descripción del bien, el precio y las formas de pago, y añade el plazo de entrega, que es un punto crucial para el consumidor. Sin embargo, omite información importante de la referencia como las penalidades, la forma de resolución de controversias y la necesidad de que los datos coincidan con la publicidad, lo que la clasifica como parcial.",14.57,3
5,servicios_financieros,llama3.1:8b,"¿Tengo derecho a pagar por adelantado mis préstamos con el banco, para evitar intereses?",1,parcial,Derecho a pagar por adelantado,Se puede realizar libremente | El banco no puede negarse a recibir el pago,Mención específica del contrato de crédito Mi Vivienda sin que la pregunta lo solicite | Mención del 'bono de buen pagador' como una consideración general para pagos anticipados,"La respuesta del chatbot afirma correctamente el derecho a pagar por adelantado. Sin embargo, introduce detalles específicos y no universales (como el crédito Mi Vivienda y el bono de buen pagador) que no fueron solicitados en una pregunta general, y omite aspectos clave del derecho como la libertad del pago y la imposibilidad del banco de negarse.",12.76,3
6,indecopi,llama3.1:8b,¿Puedo pedir indemnización o reparación por los daños sufridos mediante el Libro de Reclamaciones o INDECOPI?,0,incorrecto,indemnización o reparación por los daños sufridos | Libro de Reclamaciones | INDECOPI,No se puede exigir indemnización por esos medios | La indemnización requiere un juicio ordinario | Se tramita ante el Poder Judicial,"Puedes solicitar indemnización o reparación por los daños sufridos a través del Libro de Reclamaciones o INDECOPI. | Proporciona información detallada sobre el reembolso de gastos médicos y sepelio con documentos específicos, que es irrelevante para la pregunta sobre la vía de indemnización general por daños.","El chatbot responde lo contrario a la pregunta clave, afirmando que sí se puede pedir indemnización por esos medios, cuando la respuesta correcta es 'no'. Además, introduce información irrelevante y fuera de contexto sobre gastos médicos y sepelio.",16.98,3
7,productos_defectuosos,llama3.1:8b,¿Pueden negarse a cambiarme una prenda de ropa porque la que compré tiene roturas o mala calidad?,0,incorrecto,derecho a reclamar por problemas de calidad/defectos | comunicarse con el vendedor primero | llevar documentos de compra y evidencia,respuesta directa 'No' a la pregunta de si pueden negarse | obligación de restituir un nuevo producto,"Menciona 'Centro Nacional de Competencia y Defensa de la Competencia (CNM)' como institución de reclamo (el organismo principal es INDECOPI) | Menciona 'Dirección General de Protección al Consumidor (DIGEPUCO)' como institución de reclamo (no existe con ese nombre como principal en Perú) | Cita 'Ley General del Consumidor (Ley N° 30634)' como fuente (la ley correcta es el Código de Protección y Defensa del Consumidor, Ley N° 29571)","La respuesta del chatbot no da la respuesta directa 'No' de la referencia. Además, contiene alucinaciones graves al inventar nombres de instituciones de defensa al consumidor y citar un número de ley incorrecto para el Código de Protección y Defensa del Consumidor en Perú, lo que hace que la información práctica sea incorrecta y engañosa.",12.83,3
8,servicios_financieros,llama3.1:8b,¿El banco puede cobrar comisiones o conceptos a mi tarjeta de crédito sin avisarme?,1,parcial,El banco no puede cobrar comisiones ni conceptos adicionales sin informar previamente al usuario | Es responsabilidad del banco informar sobre cambios o cobros adicionales,"La prohibición de aumentar o cambiar comisiones y gastos sin información previa es una regla general aplicable a todas las tarjetas de crédito, no limitada a aquellas con opción de no tener comisión de membresía.",,"El chatbot responde 'No' y menciona correctamente la necesidad de información previa. Sin embargo, introduce una condición inicial sobre tarjetas sin comisión de membresía que limita la generalidad de la norma, aunque el último párrafo refuerza la responsabilidad general del banco de informar.",15.29,3
9,libro_reclamaciones,llama3.1:8b,¿Una empresa o negocio digital tiene que tener un libro de reclamaciones?,0,incorrecto,obligatoriedad del libro de reclamaciones para negocios digitales,el libro de reclamaciones es virtual para negocios digitales (el chatbot lo presenta como físico O virtual) | el libro de reclamaciones virtual tiene las mismas características que el físico,plazo de 7 días hábiles para proporcionar información del libro de reclamaciones | nombre y número de decreto legislativo de la fuente legal ('Ley del Consumidor y Usuarios (Decreto Legislativo N° 1056)'),"Aunque el chatbot acierta en que los negocios digitales deben tener un libro de reclamaciones, contradice un detalle clave sobre su formato (debe ser virtual para negocios digitales) e inventa un plazo legal y el nombre/número de decreto legislativo de la ley fuente, lo que hace la respuesta poco confiable y potencialmente engañosa.",12.52,3
10,precios,llama3.1:8b,¿Pueden subir o cobrarme más del precio que muestran en la tienda o página web?,1,parcial,prohibición de cobrar más del precio exhibido | obligación de mostrar el precio final | necesidad de indicar claramente recargos o condiciones de pago,,El Decreto Legislativo N° 1047 no es la Ley del Consumidor de Perú. La ley actual es la Ley N° 29571 (Código de Protección y Defensa del Consumidor).,"La respuesta del chatbot es correcta en el fondo y cubre los conceptos clave de la referencia, incluso ofreciendo pasos adicionales útiles. Sin embargo, comete una alucinación grave al citar una ley del consumidor incorrecta (Decreto Legislativo N° 1047 en lugar de Ley N° 29571), lo que le penaliza un punto.",16.01,3
1,libro_reclamaciones,gemma2:9b,¿Cuál es la diferencia entre queja y reclamo en el Libro de Reclamaciones?,2,correcto,Diferencia entre queja y reclamo | definición de queja (atención/servicio al cliente) | definición de reclamo (producto/servicio defectuoso),,,"La respuesta del chatbot explica de manera precisa y clara la diferencia entre 'queja' y 'reclamo', cubriendo los mismos puntos y ejemplos que la respuesta de referencia.",7.34,3
2,telecomunicaciones,gemma2:9b,¿A quién reclamo si tengo un problema con mi servicio de telefonía móvil?,0,incorrecto,Indecopi,Reclamar primero a la empresa prestadora del servicio | La empresa debe brindar canales de reclamo,,"La respuesta del chatbot es incorrecta porque indica al ciudadano que debe ir directamente a Indecopi como primera opción, lo cual contradice la respuesta de referencia que establece que el primer reclamo debe hacerse ante la empresa prestadora del servicio.",13.02,3
3,indecopi,gemma2:9b,¿Qué diferencia una denuncia de una reclamación?,0,incorrecto,,definición de reclamo | definición de denuncia | diferencia entre ambos | rol de INDECOPI | uso del Libro de Reclamaciones | orden de las acciones,"El chatbot malinterpreta completamente la pregunta, asumiendo que el usuario le proporcionó un texto sobre improcedencia de reclamos en lugar de responder a la cuestión formulada.","El chatbot no responde a la pregunta del ciudadano y en su lugar emite un mensaje que indica que se le proporcionó un texto sobre improcedencia de reclamos, lo cual es incorrecto y una completa alucinación.",1.05,3
4,inmobiliario,gemma2:9b,¿Qué debe figurar en el contrato de compraventa de un departamento que me brinda la inmobiliaria?,1,parcial,"identificación del comprador y vendedor | descripción precisa del inmueble (área, ubicación) | precio total a pagar | forma y plazos de pago | gastos e impuestos | fecha de entrega del inmueble",penalidades que hubieran | forma de resolver controversias | coincidencia con las ofertas y ofrecimientos dados en la publicidad,,"La respuesta del chatbot cubre la mayoría de los puntos clave como la descripción del inmueble, el precio y la forma de pago, y añade información muy relevante y correcta. Sin embargo, omite conceptos importantes mencionados en la referencia como las penalidades, la forma de resolver controversias y la necesidad de que el contrato coincida con la publicidad.",3.25,3
5,servicios_financieros,gemma2:9b,"¿Tengo derecho a pagar por adelantado mis préstamos con el banco, para evitar intereses?",1,parcial,Derecho a pagar por adelantado | Pago anticipado,El banco no puede negarse a recibir el pago | Libremente,"La inclusión del bono de buen pagador del crédito Mi Vivienda como una advertencia general para el pago anticipado, siendo un caso muy específico no relevante para la pregunta general sobre el derecho.","El chatbot responde correctamente a la pregunta principal y explica el término, pero omite un concepto clave importante de la referencia: la imposibilidad del banco de negarse al pago. Además, añade una advertencia muy específica sobre el crédito Mi Vivienda que no es aplicable a todos los préstamos.",1.73,3
6,indecopi,gemma2:9b,¿Puedo pedir indemnización o reparación por los daños sufridos mediante el Libro de Reclamaciones o INDECOPI?,0,incorrecto,Libro de Reclamaciones no es la mejor opción para pedir indemnización,No se puede pedir indemnización por daños mediante INDECOPI | La indemnización por daños y perjuicios requiere un juicio ordinario | El Poder Judicial es la vía para solicitar indemnización por daños,Contactar directamente con INDECOPI es lo ideal para pedir indemnización o reparación por daños | INDECOPI te puede ayudar a resolver tu problema sin necesidad de ir a tribunales para obtener indemnización por daños,"El chatbot contradice directamente la respuesta de referencia al indicar que INDECOPI es una opción para solicitar indemnización por daños, cuando la referencia aclara que esto debe gestionarse exclusivamente mediante el Poder Judicial.",1.52,3
7,productos_defectuosos,gemma2:9b,¿Pueden negarse a cambiarme una prenda de ropa porque la que compré tiene roturas o mala calidad?,2,correcto,No pueden negarse a cambiar la prenda | Prenda con roturas o mala calidad (no cumple con la calidad) | Derecho a solicitar el cambio por un producto nuevo,,,"El chatbot responde correctamente 'No' y aborda la situación de mala calidad o roturas. También menciona el derecho al cambio por uno nuevo y añade, de forma correcta y útil, el derecho al reembolso y pasos prácticos para el ciudadano.",2.09,3
8,servicios_financieros,gemma2:9b,¿El banco puede cobrar comisiones o conceptos a mi tarjeta de crédito sin avisarme?,2,correcto,Prohibición de cobrar o modificar comisiones/gastos sin aviso previo | Requisito de informar adecuadamente al consumidor,,,"La respuesta del chatbot aborda directamente la pregunta con un 'No' y explica claramente la prohibición de cobrar comisiones sin aviso. Aunque añade información adicional sobre la divulgación inicial y la 'fuente legal' es una referencia específica más que una base legal general, no contiene información incorrecta ni alucinaciones graves según la definición proporcionada.",1.48,3
9,libro_reclamaciones,gemma2:9b,¿Una empresa o negocio digital tiene que tener un libro de reclamaciones?,0,incorrecto,Obligatoriedad del libro de reclamaciones para negocios digitales,Naturaleza exclusivamente virtual del libro para negocios digitales | Igualdad de características del libro virtual respecto al físico,Cita errónea de la fuente legal: 'Decreto Legislativo Nº 1027 (Ley de Protección al Consumidor)'. El Decreto Legislativo Nº 1027 trata sobre servicios de seguridad privada y no sobre protección al consumidor. La ley de protección al consumidor en Perú es la Ley N° 29571.,"Aunque el chatbot acierta en la obligatoriedad general, es impreciso al sugerir que un negocio digital puede tener un libro físico o virtual, cuando la norma establece que debe ser exclusivamente virtual. La principal razón del puntaje 0 es la grave alucinación al citar una ley completamente incorrecta y de dominio diferente como fuente legal, lo que hace la respuesta fundamentalmente no confiable.",1.1,3
10,precios,gemma2:9b,¿Pueden subir o cobrarme más del precio que muestran en la tienda o página web?,0,incorrecto,prohibición de cobrar más del precio exhibido | derecho del consumidor a pagar el precio original publicado,obligación de la empresa de mostrar exactamente el precio final a cobrar | obligación de la empresa de avisar claramente si existe algún recargo o pago adicional,La fuente legal citada 'Decreto Legislativo N° 946 - Ley de Protección y Defensa al Consumidor' es incorrecta; la ley vigente de protección al consumidor en Perú es la Ley N° 29571 (Código de Protección y Defensa del Consumidor).,"Aunque el chatbot acierta en la respuesta principal de que no pueden cobrar más, incurre en una alucinación grave al citar una ley incorrecta. Además, omite la obligación explícita de la empresa de mostrar el precio final o avisar claramente sobre recargos.",1.43,3
1,libro_reclamaciones,mistral-nemo:12b,¿Cuál es la diferencia entre queja y reclamo en el Libro de Reclamaciones?,2,correcto,Reclamo sobre problemas o deficiencias en el producto o servicio en sí | Queja sobre el servicio al cliente y el trato al consumidor por parte del establecimiento,,,"La respuesta del chatbot distingue correctamente entre 'queja' (atención recibida) y 'reclamo' (falla en producto o servicio), alineándose con los conceptos clave de la respuesta de referencia.",6.19,3
2,telecomunicaciones,mistral-nemo:12b,¿A quién reclamo si tengo un problema con mi servicio de telefonía móvil?,0,incorrecto,Comunicarse con la empresa prestadora del servicio/operador,Interponer una denuncia ante INDECOPI si la respuesta del proveedor no satisface los derechos,"Menciona CONADECUS como el organismo encargado de la protección de los derechos del consumidor en Perú para servicios de telefonía móvil, siendo esta una institución chilena. | La fuente (Ley N° 29571) es una ley peruana, pero la vincula incorrectamente con la institución CONADECUS en el contexto peruano.","El chatbot acierta en el primer paso (contactar a la empresa), pero alucina gravemente al indicar CONADECUS como la institución de reclamo en segunda instancia para Perú, cuando la entidad correcta es INDECOPI. Esto invalida la respuesta en un punto crucial de la pregunta.",3.77,3
3,indecopi,mistral-nemo:12b,¿Qué diferencia una denuncia de una reclamación?,0,incorrecto,Reclamación como exigencia del consumidor a la empresa por un problema de producto o servicio,"Reclamación a través del Libro de Reclamaciones | Denuncia como solicitud dirigida a INDECOPI | Denuncia para sancionar con multa al proveedor o empresa | Denuncia por vulnerar derechos del consumidor | Orden: Primero reclamo, luego denuncia","Definición de denuncia como un reporte a las autoridades sobre un acto ilegal o delito (dominio incorrecto, ya que no se refiere a la denuncia en el ámbito de protección al consumidor) | Referencia incorrecta a 'Decreto Supremo N° 074-2019-PCM' como la Ley del Consumidor","La respuesta del chatbot es fundamentalmente incorrecta al confundir la 'denuncia' en el ámbito de los derechos del consumidor (ante INDECOPI) con una denuncia penal genérica. Omite información crucial sobre la institución INDECOPI, el uso del Libro de Reclamaciones y el orden de los procedimientos, además de citar incorrectamente una fuente legal.",3.41,3
4,inmobiliario,mistral-nemo:12b,¿Qué debe figurar en el contrato de compraventa de un departamento que me brinda la inmobiliaria?,0,incorrecto,"Identificación de las partes (vendedor y comprador) | Descripción detallada del departamento (ubicación, área, número de habitaciones) | Precio total del departamento | Forma y plazos de pago",Penalidades que hubieran | Forma de resolver controversias | Coherencia de los datos contractuales con las ofertas y ofrecimientos dados en la publicidad o las negociaciones previas,"El chatbot cita el 'Decreto Legislativo N° 748' como el Código de Protección y Defensa del Consumidor, siendo la ley correcta la Ley N° 29571.","La respuesta del chatbot omite conceptos clave importantes para la protección del consumidor como las penalidades, la forma de resolver controversias y la coherencia con la publicidad previa. Adicionalmente, incluye una alucinación grave al citar incorrectamente el número del Decreto Legislativo del Código de Protección y Defensa del Consumidor.",4.22,3
5,servicios_financieros,mistral-nemo:12b,"¿Tengo derecho a pagar por adelantado mis préstamos con el banco, para evitar intereses?",1,parcial,Derecho a pagar por adelantado los préstamos | Reducción de intereses por pago anticipado | Prohibición de cobro de comisiones por amortización anticipada (Ley N° 29571),"El derecho es 'libremente', sin que el contrato pueda imponer penalidades o condiciones que contravengan la ley | El banco no puede negarse a recibir el pago","El nombre de la ley 'Ley N° 29571, 'Ley de Protección y Defensa del Consumidor Financiero'' es impreciso; la Ley N° 29571 es el 'Código de Protección y Defensa del Consumidor', que sí contiene provisiones para consumidores financieros, incluyendo la prohibición de comisiones por pago anticipado en su Artículo 87.","La respuesta del chatbot es parcial porque, aunque afirma correctamente el derecho y menciona la ley que prohíbe las comisiones, sus pasos y advertencias sugieren que el consumidor debe revisar su contrato para posibles penalidades o condiciones, lo cual socava la naturaleza absoluta de este derecho bajo la ley peruana y omite que el banco no puede negar el pago.",4.11,3
6,indecopi,mistral-nemo:12b,¿Puedo pedir indemnización o reparación por los daños sufridos mediante el Libro de Reclamaciones o INDECOPI?,0,incorrecto,,"La reclamación y la denuncia por derechos de consumidor no permiten exigir indemnización por daños y perjuicios. | La indemnización por los daños sufridos debe interponerse como un juicio ordinario, ante el Poder Judicial.","Responde 'Sí' cuando la respuesta correcta es 'No'. | Afirma que se puede pedir indemnización o reparación mediante el Libro de Reclamaciones o INDECOPI. | Menciona 'Comisión Nacional para la Protección y Defensa del Consumidor (INDICOPI)' con el acrónimo mal escrito y un nombre que no es el oficial completo de la institución. | Sugiere el sitio web 'www.consumidor.gob.pe' para INDECOPI, el cual es incorrecto. | Cita 'Ley del Consumidor (Ley N° 2461)' como fuente legal, siendo este un número de ley inventado para el contexto (el Código de Protección y Defensa del Consumidor es Ley N° 29571).","El chatbot responde 'Sí' a una pregunta de sí/no cuya respuesta correcta es 'No', lo que automáticamente califica como 0. Adicionalmente, proporciona pasos incorrectos para solicitar indemnización a través de canales no adecuados para ello y alucina con el número de una ley, el nombre y sitio web de INDECOPI.",5.0,3
7,productos_defectuosos,mistral-nemo:12b,¿Pueden negarse a cambiarme una prenda de ropa porque la que compré tiene roturas o mala calidad?,1,parcial,Negación de la posibilidad de negarse a cambiar la prenda | Obligación de la tienda a cambiar el producto | Derecho al cambio o devolución de dinero por mala calidad o defectos | Indecopi como entidad para denunciar,"No se menciona explícitamente ""materiales o cualificaciones que se ofrecieron"" como causales específicas, aunque ""mala calidad"" lo cubre implícitamente",El 'Decreto Legislativo N° 105 - Ley del Consumidor' es una ley inventada; la Ley de Protección y Defensa del Consumidor peruana es la Ley N° 29571.,"El chatbot responde correctamente a la pregunta con un 'No' y menciona el derecho al cambio o devolución por defectos, añadiendo pasos útiles. Sin embargo, comete una alucinación grave al citar un 'Decreto Legislativo N° 105 - Ley del Consumidor' inexistente, penalizando su puntuación a parcial.",2.66,3
8,servicios_financieros,mistral-nemo:12b,¿El banco puede cobrar comisiones o conceptos a mi tarjeta de crédito sin avisarme?,1,parcial,"Respuesta 'No' a la pregunta del ciudadano | Derecho del consumidor a reclamar y exigir devolución por cobros sin aviso | Pasos para el reclamo (revisar contrato, contactar banco, acudir a Indecopi) | Menciona que la Ley N° 29571 establece protección para usuarios",La prohibición explícita de aumentar o cambiar las comisiones y otros gastos sin que el consumidor sea informado adecuadamente,"La Ley N° 29571 es el Código de Protección y Defensa del Consumidor, no la 'Ley del Sistema Financiero y del Sistema de Protección al Consumidor', lo que representa una denominación imprecisa que confunde con la Ley General del Sistema Financiero.","La respuesta del chatbot es 'No', lo cual es correcto, y proporciona pasos válidos para reclamar. No obstante, omite la justificación principal de la referencia sobre la prohibición general de aumentar o cambiar comisiones sin aviso, enfocándose en una disposición específica sobre tarjetas sin membresía, lo que constituye una omisión de información clave.",5.42,3
9,libro_reclamaciones,mistral-nemo:12b,¿Una empresa o negocio digital tiene que tener un libro de reclamaciones?,0,incorrecto,"Sí, es obligatorio | Aplica a negocios digitales",El libro de reclamaciones para negocios digitales es virtual | Tiene las mismas características que un libro de reclamaciones físico,El Código de Protección y Defensa del Consumidor es el Decreto Ley N° 762 (cuando la ley correcta es Ley N° 29571),"La respuesta es incorrecta porque, si bien acierta en el 'Sí' inicial y la aplicabilidad a negocios digitales, omite información clave sobre el formato virtual y la equivalencia de características del libro de reclamaciones. Además, comete una alucinación grave al citar incorrectamente el número del decreto ley para el Código de Protección y Defensa del Consumidor.",3.38,3
10,precios,mistral-nemo:12b,¿Pueden subir o cobrarme más del precio que muestran en la tienda o página web?,1,parcial,precio diferenciado por medio de pago debe estar claramente visible | derecho a pagar solo el precio publicado (en caso de diferenciación por medio de pago no informada),respuesta directa 'No' a la pregunta general | prohibición general de cualquier aumento o sobreprecio al precio exhibido (no solo por medio de pago) | obligación de la empresa de mostrar el precio final a cobrar,,"La respuesta del chatbot es precisa en cuanto a la regulación de los medios de pago (Artículo 7), pero no aborda la pregunta general sobre cualquier aumento de precio. Omite la prohibición general de subir o cobrar más del precio mostrado, limitándose a un escenario específico.",3.59,3
1,libro_reclamaciones,qwen2.5:14b,¿Cuál es la diferencia entre queja y reclamo en el Libro de Reclamaciones?,2,correcto,diferencia entre queja y reclamo | queja sobre servicio al cliente y trato | reclamo sobre problemas o deficiencias en producto o servicio,,,"La respuesta del chatbot explica correctamente la diferencia entre queja y reclamo, alineándose con la definición de la referencia sobre problemas en el producto/servicio (reclamo) vs. problemas en el trato/atención (queja).",8.81,3
2,telecomunicaciones,qwen2.5:14b,¿A quién reclamo si tengo un problema con mi servicio de telefonía móvil?,0,incorrecto,,"Reclamar primero a la empresa prestadora del servicio (Claro, Movistar, Entel, etc.) | La empresa debe brindar canales de reclamo | Denunciar ante INDECOPI si la respuesta del operador no es satisfactoria","La existencia de una entidad llamada ""Operador Responsable de la Facturación (ORFEO)"" para reclamos de telefonía móvil en Perú. | El sitio web www.orfeo.com.pe como portal oficial de dicha entidad. | El plazo de 10 días hábiles para la respuesta de ORFEO. | La fuente legal ""Ley del Código de Protección al Usuario de Servicios de Comunicaciones Electrónicas"" como una ley específica con ese título exacto.","La respuesta del chatbot es incorrecta porque dirige al usuario a una entidad inexistente (ORFEO) en lugar de indicar que el primer reclamo debe realizarse directamente ante la empresa prestadora del servicio y, posteriormente, ante INDECOPI. Además, inventa detalles como el sitio web y los plazos de respuesta.",7.61,3
3,indecopi,qwen2.5:14b,¿Qué diferencia una denuncia de una reclamación?,1,parcial,Reclamación es una disconformidad del cliente | Reclamación se presenta a la empresa directamente | Denuncia es por violación de derechos del consumidor | Denuncia involucra a las autoridades,Reclamación se hace a través del Libro de Reclamaciones | Denuncia es dirigida a INDECOPI | La denuncia busca una sanción (multa) | Primero debe realizarse el reclamo antes de la denuncia,,"La respuesta del chatbot explica correctamente la diferencia general, pero omite información crucial y específica del contexto peruano, como el uso del Libro de Reclamaciones, la mención de INDECOPI, la multa como objetivo de la denuncia y la precedencia del reclamo sobre la denuncia.",4.24,3
4,inmobiliario,qwen2.5:14b,¿Qué debe figurar en el contrato de compraventa de un departamento que me brinda la inmobiliaria?,1,parcial,área del inmueble | precio exacto | forma y plazos de pago | penalidades,forma de resolver controversias | coincidencia con ofertas y ofrecimientos previos,,"La respuesta del chatbot cubre la mayoría de los puntos clave mencionados en la referencia, como el área, precio, forma de pago y penalidades. Sin embargo, omite información importante sobre la forma de resolver controversias y la necesidad de que los datos coincidan con las ofertas y ofrecimientos previos.",7.84,3
5,servicios_financieros,qwen2.5:14b,"¿Tengo derecho a pagar por adelantado mis préstamos con el banco, para evitar intereses?",2,correcto,Derecho a pagar por adelantado los créditos | Sin pagar multas/libremente | El banco no puede negarse a recibir el pago (implícito),,,"La respuesta del chatbot confirma correctamente el derecho a pagar por adelantado sin penalizaciones, cubriendo los conceptos clave de la referencia. Además, añade información relevante y precisa sobre la excepción del Bono de Buen Pagador y los pasos a seguir, sin introducir errores ni alucinaciones.",4.69,3
6,indecopi,qwen2.5:14b,¿Puedo pedir indemnización o reparación por los daños sufridos mediante el Libro de Reclamaciones o INDECOPI?,0,incorrecto,,No es posible solicitar indemnización por daños y perjuicios a través del Libro de Reclamaciones o INDECOPI | La indemnización por daños debe interponerse como un juicio ordinario ante el Poder Judicial,"El chatbot instruye al ciudadano sobre cómo solicitar una indemnización a través del Libro de Reclamaciones o INDECOPI, lo cual es incorrecto, ya que estas vías no permiten exigir indemnización por daños y perjuicios.","La respuesta del chatbot es fundamentalmente incorrecta, ya que indica que sí se puede pedir indemnización mediante el Libro de Reclamaciones o INDECOPI, cuando la respuesta correcta y validada es 'No'. Esto contradice directamente la información crucial de la referencia.",5.88,3
7,productos_defectuosos,qwen2.5:14b,¿Pueden negarse a cambiarme una prenda de ropa porque la que compré tiene roturas o mala calidad?,0,incorrecto,No pueden negarse a cambiar la prenda | Producto defectuoso o de mala calidad | Derecho a un producto sin daños,Obligación de restituir un nuevo producto,"Menciona 'Proconsumo' como autoridad nacional para la defensa de los consumidores (la entidad correcta es INDECOPI). | Establece un plazo de '15 días desde la compra para solicitar un cambio o reparación por defectos' como ley peruana, lo cual es incorrecto; la ley se refiere al plazo de garantía. | Sugiere presentar una queja ante el Ministerio de Economía y Finanzas (MEF) para estos casos, cuando la entidad principal es INDECOPI.","Aunque el chatbot responde correctamente a la pregunta principal, introduce múltiples alucinaciones graves, incluyendo la invención de nombres de instituciones y plazos legales incorrectos bajo la ley peruana de defensa del consumidor.",5.1,3
8,servicios_financieros,qwen2.5:14b,¿El banco puede cobrar comisiones o conceptos a mi tarjeta de crédito sin avisarme?,0,incorrecto,El banco no puede cobrar comisiones sin avisar (parcialmente cubierto para comisiones de membresía específicas),Prohibición general de aumentar o cambiar cualquier comisión u otro gasto sin informar adecuadamente al consumidor,Ministerio de Economía y Finanzas como entidad receptora de denuncias de consumidores bancarios (la entidad correcta sería Indecopi o SBS) | Asociación Bancaria de la República del Perú (ABREP) como organización de asesoramiento al consumidor (el nombre correcto es ASBANC y su rol no es asesorar directamente al consumidor en denuncias),"Aunque la respuesta inicial es 'No' (correcta), la justificación del chatbot es demasiado limitada a un tipo específico de comisión, y lo más grave es que las instituciones recomendadas para presentar denuncias son incorrectas y alucinadas, lo que invalida la sección de pasos a seguir y hace la respuesta engañosa y potencialmente perjudicial.",7.88,3
9,libro_reclamaciones,qwen2.5:14b,¿Una empresa o negocio digital tiene que tener un libro de reclamaciones?,2,correcto,Obligación de tener libro de reclamaciones para negocios digitales | Aplica a negocios físicos y virtuales | El libro de reclamaciones para negocios digitales es virtual | Cita legal correcta: Artículo 150 del Texto Único Ordenado de la Ley General de Protección al Consumidor,El libro de reclamaciones virtual tiene las mismas características que el físico,,"La respuesta del chatbot es correcta y exhaustiva, confirmando que los negocios digitales deben tener un libro de reclamaciones virtual, al igual que los físicos. Aunque omite explícitamente que el libro virtual tiene las 'mismas características' que el físico, esto se infiere del contexto y la mención de la ley aplicable.",4.41,3
10,precios,qwen2.5:14b,¿Pueden subir o cobrarme más del precio que muestran en la tienda o página web?,2,correcto,prohibición de cobrar un precio superior al exhibido | aplicable a precios en tienda física y página web | el precio exhibido debe ser el precio final | obligación de avisar claramente sobre recargos o pagos adicionales,,,"La respuesta del chatbot es correcta, cubre todos los conceptos clave de la referencia y añade información legal relevante y práctica. Aunque la mención de las instituciones para la queja es ligeramente imprecisa, no invalida la veracidad de la respuesta principal ni constituye una alucinación grave.",4.31,3
1,libro_reclamaciones,mistral:7b-instruct,¿Cuál es la diferencia entre queja y reclamo en el Libro de Reclamaciones?,2,correcto,Reclamo: problemas/deficiencias en el producto o servicio | Queja: problemas con el servicio al cliente/trato al consumidor,,,"La respuesta del chatbot define y diferencia correctamente la queja y el reclamo, coincidiendo con los conceptos clave de la referencia y proporcionando ejemplos pertinentes.",43.33,3
